,cell_id,ROAD_AREA_2,ROAD_AREA_3,ROAD_AREA_4,ROAD_AREA_5,population,jobs,act24
0,FD-426,0.0,0.0,0.0,0.0,0.0,0.0,0.0
1,FD-427,0.0,0.0,0.0,10.522150898895436,0.0,0.0,0.0
2,FE-427,0.0,0.0,0.0,3.982162572922092,0.3169158730039744,0.0,0.3169158730039744
3,FE-428,0.0,0.0,0.0,22.68435677400008,1.2676634920158976,0.0,1.2676634920158976
4,FE-429,0.0,0.0,0.0,3.041435775273407,0.0,0.0,0.0
5,FE-433,0.0,0.0,0.0,0.0,0.0,0.0,0.0
6,FF-428,0.0,0.0,0.0,3.5171249803458404,0.0,0.0,0.0
7,FF-429,0.0,0.0,0.0,23.02381897045248,0.0,0.0,0.0
8,FF-433,0.0,0.0,0.0,0.0,1.0563862013695648,0.0,1.0563862013695648
9,FG-429,0.0,0.0,0.0,16.566996598151196,0.0,0.0,0.0
10,FG-430,0.0,0.0,0.0,13.618346682521183,0.0,0.0,0.0
11,FG-433,0.0,0.0,0.0,0.0,0.0,0.0,0.0
12,FH-430,0.0,0.0,0.0,29.626849736385424,0.0,0.0,0.0
13,FH-431,0.0,0.0,0.0,5.6760786167612345,0.0,0.0,0.0
14,FH-433,0.0,0.0,0.0,0.0,0.0,0.0,0.0
15,FH-434,0.0,0.0,0.0,0.0,0.0,0.0,0.0
16,FI-428,0.0,0.0,0.0,0.0,0.0,0.0,0.0
17,FI-429,0.0,0.0,0.0,0.0,0.0,0.0,0.0
18,FI-430,0.0,0.0,0.0,6.041406682771457,0.0,0.0,0.0
19,FI-431,0.0,0.0,0.0,22.702865593502203,0.0,0.0,0.0
20,FI-432,0.0,0.0,0.0,22.36683899129723,2.1127724027391297,0.0,2.1127724027391297
21,FI-433,0.0,0.0,0.0,28.984450238361347,5.281931006847825,0.0,5.281931006847825
22,FI-434,0.0,0.0,0.0,0.0,0.0,0.0,0.0
23,FJ-427,0.0,0.0,0.0,0.0,1.0563862013695648,0.0,1.0563862013695648
24,FJ-428,0.0,0.0,0.0,0.0,0.0,0.0,0.0
25,FJ-429,0.0,0.0,0.0,0.0,0.0,0.0,0.0
26,FJ-430,0.0,0.0,0.0,10.417685407713094,0.0,0.0,0.0
27,FJ-433,0.0,0.0,0.0,3.164502314779104,1.0563862013695648,0.0,1.0563862013695648
28,FJ-434,0.0,0.0,0.0,18.47906205318454,4.225544805478259,0.0,4.225544805478259
29,FK-427,0.0,0.0,24.368322328620593,0.0,8.075627280179349,0.0,8.075627280179349
30,FK-428,0.0,0.0,32.326857337979234,0.0,7.57501083914312,0.0,7.57501083914312
31,FK-430,0.0,0.0,0.0,6.908988578276185,0.0,0.0,0.0
32,FK-431,0.0,0.0,0.0,26.90885301398848,0.0,0.0,0.0
33,FK-433,0.0,0.0,0.0,11.490570672271218,0.0,0.0,0.0
34,FK-434,0.0,0.0,0.0,7.709426815952986,0.0,0.0,0.0
35,FL-425,0.0,0.0,10.533905288518346,0.0,0.5587392768686078,0.0,0.5587392768686078
36,FL-426,0.0,0.0,23.926837592380995,0.0,1.1174785537372156,0.0,1.1174785537372156
37,FL-427,0.0,0.0,16.94862082139036,0.0,1.987618292480073,0.0,1.987618292480073
38,FL-428,0.0,0.0,27.202532827354382,0.0,0.0,0.0,0.0
39,FL-431,0.0,0.0,0.0,21.65621172888889,0.0,0.0,0.0
40,FL-434,0.0,0.0,0.0,19.97353496010833,4.225544805478259,0.0,4.225544805478259
41,FL-435,0.0,0.0,0.0,0.0,0.0,0.0,0.0
42,FM-420,0.0,0.0,0.0,0.0,0.0,0.0,0.0
43,FM-421,0.0,0.0,0.0,0.0,0.2793696384343039,0.0,0.2793696384343039
44,FM-422,0.0,0.0,0.0,0.0,0.1502145921978241,6.609442056704262,6.759656648902086
45,FM-424,0.0,0.0,0.0,0.0,0.0,0.0,0.0
46,FM-425,0.0,0.0,17.411995501328843,5.031528257352113,6.371409452972708,0.0,6.371409452972708
47,FM-427,0.0,0.0,20.248819787239615,0.0,4.65616045555254,0.0,4.65616045555254
48,FM-428,0.0,0.0,25.377165610697144,0.0,2.9188503835905806,0.0,2.9188503835905806
49,FM-429,0.0,0.0,12.746098332758345,7.676423159062878,12.426326195916666,0.0,12.426326195916666
50,FM-431,0.0,0.0,0.0,20.921669788539717,1.0563862013695648,0.0,1.0563862013695648
51,FM-433,0.0,0.0,0.0,9.054862069520604,1.0563862013695648,0.0,1.0563862013695648
52,FM-434,0.0,0.0,0.0,32.65013024993379,15.845793020543477,0.0,15.845793020543477
53,FM-435,0.0,0.0,0.0,0.0,5.281931006847825,0.0,5.281931006847825
54,FM-436,0.0,0.0,0.0,0.0,0.0,0.0,0.0
55,FN-421,0.0,0.0,0.0,0.0,1.1174785537372156,0.0,1.1174785537372156
56,FN-422,0.0,0.0,0.0,0.0,2.793696273331524,0.0,2.793696273331524
57,FN-423,0.0,0.0,0.0,0.0,0.0,0.0,0.0
58,FN-424,0.0,0.0,0.0,0.0,0.0,0.0,0.0
59,FN-427,0.0,0.0,22.150972706924897,0.0,24.712650809909434,0.0,24.712650809909434
60,FN-429,0.0,0.0,0.0,0.0,0.0,0.0,0.0
61,FN-430,0.0,0.0,0.0,0.0,0.0,0.0,0.0
62,FN-431,0.0,0.0,0.0,23.3066329803162,0.0,0.0,0.0
63,FN-433,0.0,0.0,0.0,21.050914204036516,0.0,0.0,0.0
64,FN-434,0.0,0.0,0.0,26.44520636516344,1.0563862013695648,0.0,1.0563862013695648
65,FN-435,0.0,0.0,0.0,0.0,6.33831720821739,0.0,6.33831720821739
66,FN-436,0.0,0.0,0.0,0.0,0.0,0.0,0.0
67,FO-420,0.0,0.0,0.0,0.0,0.0,0.0,0.0
68,FO-421,0.0,0.0,0.0,0.0,0.0,0.0,0.0
69,FO-422,0.0,0.0,0.0,0.0,0.0,0.0,0.0
70,FO-423,0.0,0.0,0.0,0.0,1.862464182221016,0.0,1.862464182221016
71,FO-424,0.0,0.0,0.0,0.0,0.0,0.0,0.0
72,FO-425,0.0,0.0,0.0,0.0,0.0,0.0,0.0
73,FO-426,0.0,0.0,0.0,0.0,0.0,0.0,0.0
74,FO-427,0.0,0.0,22.37758698628484,0.0,18.319180282394935,0.0,18.319180282394935
75,FO-430,0.0,0.0,0.0,0.0,0.0,0.0,0.0
76,FO-431,0.0,0.0,0.0,22.00683430488349,0.0,0.0,0.0
77,FO-432,0.0,0.0,0.0,7.384588263822738,0.0,0.0,0.0
78,FO-433,0.0,0.0,0.0,45.43410478675708,1.0563862013695648,0.0,1.0563862013695648
79,FO-434,0.0,0.0,0.0,23.507273897817527,0.0,0.0,0.0
80,FO-436,0.0,0.0,0.0,0.0,0.0,0.0,0.0
81,FP-421,0.0,0.0,0.0,0.0,0.0,0.0,0.0
82,FP-422,0.0,0.0,0.0,0.0,1.207607312637305,3.965665391603936,5.173272704241241
83,FP-423,0.0,0.0,0.0,0.0,0.931232091110508,0.0,0.931232091110508
84,FP-424,0.0,0.0,0.0,0.0,0.0,0.0,0.0
85,FP-425,0.0,0.0,0.0,0.0,7.449856728884063,0.0,7.449856728884063
86,FP-426,0.0,0.0,0.0,0.0,17.69340973109965,0.0,17.69340973109965
87,FP-427,0.0,0.0,22.903000175642568,5.739335610174441,31.731891888719215,0.0,31.731891888719215
88,FP-428,0.0,0.0,0.0,9.3176208267983,2.1127724027391297,0.0,2.1127724027391297
89,FP-430,0.0,0.0,0.0,0.0,0.0,0.0,0.0
90,FP-431,0.0,0.0,0.0,21.93185827197897,0.0,0.0,0.0
91,FP-432,0.0,0.0,0.0,0.928148388203928,0.0,0.0,0.0
92,FP-433,0.0,0.0,0.0,37.81306867611897,21.1277240273913,0.0,21.1277240273913
93,FP-434,0.0,0.0,0.0,0.0,4.225544805478259,0.0,4.225544805478259
94,FP-435,0.0,0.0,0.0,0.0,0.0,0.0,0.0
95,FP-436,0.0,0.0,0.0,0.0,0.0,0.0,0.0
96,FP-437,0.0,0.0,0.0,0.0,0.0,0.0,0.0
97,FQ-421,0.0,0.0,0.0,0.0,0.0,0.0,0.0
98,FQ-422,0.0,0.0,0.0,0.0,0.0,0.0,0.0
99,FQ-424,0.0,0.0,0.0,0.0,0.0,0.0,0.0
100,FQ-425,0.0,0.0,0.0,0.0,5.587392546663047,0.0,5.587392546663047
101,FQ-426,0.0,0.0,11.6171062656618,0.0,22.66987919813225,0.0,22.66987919813225
102,FQ-427,0.0,0.0,15.6252824720522,25.36352663868901,39.642059211007236,0.0,39.642059211007236
103,FQ-428,0.0,0.0,0.0,0.0,1.0563862013695648,0.0,1.0563862013695648
104,FQ-429,0.0,0.0,0.0,0.0,5.281931006847825,0.0,5.281931006847825
105,FQ-430,0.0,0.0,0.0,0.0,6.33831720821739,0.0,6.33831720821739
106,FQ-431,0.0,0.0,0.0,19.67497565289002,5.097885231010174,4.382978723404255,9.48086395441443
107,FQ-432,0.0,0.0,0.0,23.918126627775663,10.56386201369565,0.0,10.56386201369565
108,FQ-433,0.0,0.0,0.0,4.6080754908089085,1.0563862013695648,0.0,1.0563862013695648
109,FQ-435,0.0,0.0,0.0,0.0,0.0,0.0,0.0
110,FQ-436,0.0,0.0,0.0,0.0,10.56386201369565,0.0,10.56386201369565
111,FQ-437,0.0,0.0,0.0,0.0,0.0,0.0,0.0
112,FR-421,0.0,0.0,0.0,0.0,5.587392546663047,0.0,5.587392546663047
113,FR-422,0.0,0.0,0.0,0.0,23.280802277762696,0.0,23.280802277762696
114,FR-423,0.0,0.0,0.0,0.0,0.0,0.0,0.0
115,FR-424,0.0,0.0,0.0,0.0,0.0,0.0,0.0
116,FR-425,0.0,0.0,0.0,0.0,0.0,0.0,0.0
117,FR-426,0.0,0.0,22.15983445286487,6.234675733965548,26.144499342056168,0.0,26.144499342056168
118,FR-427,0.0,0.0,0.0,10.16160602942077,27.46604123560869,0.0,27.46604123560869
119,FR-429,0.0,0.0,0.0,17.728448154377407,9.139384260650784,8.76595744680851,17.905341707459293
120,FR-430,0.0,0.0,0.0,31.14851655070745,19.01495162465217,0.0,19.01495162465217
121,FR-431,0.0,0.0,0.0,20.33173873206124,21.1277240273913,0.0,21.1277240273913
122,FR-432,0.0,0.0,0.0,0.0,2.1127724027391297,0.0,2.1127724027391297
123,FR-433,0.0,0.0,0.0,0.0,0.0,0.0,0.0
124,FR-436,0.0,0.0,0.0,0.0,0.0,0.0,0.0
125,FR-437,0.0,0.0,0.0,0.0,0.0,0.0,0.0
126,FS-421,0.0,0.0,0.0,0.0,0.0,0.0,0.0
127,FS-422,0.0,0.0,0.0,0.0,3.724928364442032,0.0,3.724928364442032
128,FS-423,0.0,0.0,0.0,0.0,0.0,0.0,0.0
129,FS-426,0.0,0.0,6.156417313282741,0.0,12.1060171844366,0.0,12.1060171844366
130,FS-427,0.0,0.0,19.53054337477171,0.0,26.825423212648563,0.0,26.825423212648563
131,FS-428,0.0,0.0,0.0,0.0211695484502892,5.281931006847825,0.0,5.281931006847825
132,FS-429,0.0,0.0,0.0,55.43643964036556,62.14274010496669,4.382978723404255,66.52571882837094
133,FS-430,0.0,0.0,0.0,17.160915739455206,17.40642809576965,13.148936170212766,30.55536426598242
134,FS-436,0.0,0.0,0.0,0.0,0.0,0.0,0.0
135,FS-437,0.0,0.0,0.0,0.0,0.0,0.0,0.0
136,FT-426,0.0,0.0,0.0,0.0,0.931232091110508,0.0,0.931232091110508
137,FT-427,0.0,0.0,29.19544908167251,14.462154225564252,108.28696473256124,65.81462879425959,174.10159352682084
138,FT-428,0.0,0.0,24.37510787984422,2.4924287815925283,44.18417468168408,4.382978723404255,48.56715340508834
139,FT-429,0.0,0.0,27.75788636360365,0.0,32.74797224245651,0.0,32.74797224245651
140,FT-430,0.0,0.0,24.94020322536316,0.0,17.77451964744495,4.382978723404255,22.157498370849204
141,FT-431,0.0,0.0,0.0,0.0,0.0,0.0,0.0
142,FT-432,0.0,0.0,0.0,0.0,0.0,0.0,0.0
143,FT-433,0.0,0.0,0.0,0.0,0.0,0.0,0.0
144,FT-434,0.0,0.0,0.0,0.0,0.0,0.0,0.0
145,FT-435,0.0,0.0,0.0,0.0,0.0,0.0,0.0
146,FT-436,0.0,0.0,0.0,0.0,0.0,0.0,0.0
147,FT-437,0.0,0.0,0.0,0.0,1.0563862013695648,0.0,1.0563862013695648
148,FU-427,0.0,0.0,22.744862422388962,0.20716174335174228,15.09486835898913,0.0,15.09486835898913
149,FU-428,0.0,0.0,0.0,0.0,2.1127724027391297,0.0,2.1127724027391297
150,FU-430,0.0,0.0,4.295202359902495,0.0,31.963900685449577,43.82978723404256,75.79368791949213
151,FU-431,0.0,0.0,25.250108217422586,0.0,3.169158604108695,0.0,3.169158604108695
152,FU-432,0.0,0.0,19.76068540756372,0.0,1.0563862013695648,0.0,1.0563862013695648
153,FU-435,0.0,0.0,0.0,0.0,0.0,0.0,0.0
154,FU-436,0.0,0.0,0.0,0.0,0.0,0.0,0.0
155,FU-437,0.0,0.0,0.0,0.0,0.0,0.0,0.0
156,FU-438,0.0,0.0,0.0,0.0,1.0563862013695648,0.0,1.0563862013695648
157,FV-421,0.0,0.0,0.0,0.0,3.724928364442032,0.0,3.724928364442032
158,FV-422,0.0,0.0,0.0,0.0,3.724928364442032,0.0,3.724928364442032
159,FV-425,0.0,0.0,10.926742150509904,0.0,11.620248215065214,0.0,11.620248215065214
160,FV-426,0.0,0.0,25.906056898886572,0.0,19.01495162465217,0.0,19.01495162465217
161,FV-427,0.0,0.0,4.90586013004383,22.279587320771103,23.240496430130428,0.0,23.240496430130428
162,FV-430,0.0,0.0,0.0,0.0,0.0,0.0,0.0
163,FV-432,0.0,0.0,36.97956217865542,0.0,0.0,0.0,0.0
164,FV-434,0.0,0.0,0.0,0.0,0.0,0.0,0.0
165,FV-435,0.0,0.0,0.0,0.0,0.0,0.0,0.0
166,FV-436,0.0,0.0,0.0,0.0,0.0,0.0,0.0
167,FV-437,0.0,0.0,0.0,0.0,0.0,0.0,0.0
168,FV-438,0.0,0.0,0.0,0.0,1.0563862013695648,0.0,1.0563862013695648
169,FW-416,0.0,0.0,0.0,0.0,0.0,0.0,0.0
170,FW-420,0.0,0.0,0.0,0.0,0.0,0.0,0.0
171,FW-421,0.0,0.0,0.0,0.0,0.0,0.0,0.0
172,FW-422,0.0,0.0,0.0,0.0,3.724928364442032,0.0,3.724928364442032
173,FW-424,0.0,0.0,0.0,10.599237830506148,11.174785093326092,0.0,11.174785093326092
174,FW-425,0.0,0.0,24.091849097967078,21.60222841997419,40.80875205097102,0.0,40.80875205097102
175,FW-427,0.0,0.0,0.0,19.84090350226039,1.0563862013695648,0.0,1.0563862013695648
176,FW-428,0.0,0.0,0.0,0.0,6.33831720821739,0.0,6.33831720821739
177,FW-430,0.0,0.0,0.0,0.0,0.0,0.0,0.0
178,FW-431,0.0,0.0,0.0,0.0,3.169158604108695,0.0,3.169158604108695
179,FW-432,0.0,0.0,26.49039038478201,0.0,0.0,0.0,0.0
180,FW-434,0.0,0.0,0.0,0.0,0.0,0.0,0.0
181,FW-435,0.0,0.0,0.0,0.0,0.0,0.0,0.0
182,FW-436,0.0,0.0,0.0,0.0,0.0,0.0,0.0
183,FW-437,0.0,0.0,0.0,0.0,0.0,0.0,0.0
184,FW-438,0.0,0.0,0.0,0.0,0.0,0.0,0.0
185,FX-414,0.0,0.0,0.0,0.0,0.0,0.0,0.0
186,FX-415,0.0,0.0,0.0,0.0,0.0,0.0,0.0
187,FX-416,0.0,0.0,0.0,0.0,0.0,0.0,0.0
188,FX-417,0.0,0.0,0.0,0.0,0.0,0.0,0.0
189,FX-419,0.0,0.0,0.0,0.0,0.931232091110508,0.0,0.931232091110508
190,FX-420,0.0,0.0,0.0,0.0,2.793696273331524,0.0,2.793696273331524
191,FX-422,0.0,0.0,0.0,0.0,0.0,0.0,0.0
192,FX-424,0.0,0.0,0.6416081566273333,3.6945334346866834,0.0,0.0,0.0
193,FX-425,0.0,0.0,20.76670204146237,9.618549829407577,37.514439336603274,0.0,37.514439336603274
194,FX-427,0.0,0.0,0.0,12.749557789016,1.0563862013695648,0.0,1.0563862013695648
195,FX-428,0.0,0.0,0.0,9.087421769956528,2.9851128282710446,4.382978723404255,7.3680915516753
196,FX-429,0.0,0.0,0.0,0.0,1.0563862013695648,0.0,1.0563862013695648
197,FX-430,0.0,0.0,0.0,0.0,1.0563862013695648,0.0,1.0563862013695648
198,FX-431,0.0,0.0,0.0,0.0,11.620248215065214,0.0,11.620248215065214
199,FX-432,0.0,0.0,11.261585191720602,0.0,6.33831720821739,0.0,6.33831720821739
200,FX-433,0.0,0.0,19.810500277844756,0.0,6.33831720821739,0.0,6.33831720821739
201,FX-434,0.0,0.0,0.0,0.0,0.0,0.0,0.0
202,FX-435,0.0,0.0,0.0,0.0,0.0,0.0,0.0
203,FX-436,0.0,0.0,0.0,0.0,1.0563862013695648,0.0,1.0563862013695648
204,FX-437,0.0,0.0,0.0,0.0,1.0563862013695648,0.0,1.0563862013695648
205,FY-410,0.0,0.0,0.0,0.0,0.0,0.0,0.0
206,FY-412,0.0,0.0,0.0,19.843887425804017,0.0,0.0,0.0
207,FY-414,0.0,0.0,0.0,0.0,0.931232091110508,0.0,0.931232091110508
208,FY-416,0.0,0.0,0.0,34.82919289176704,3.5386820128268397,0.0,3.5386820128268397
209,FY-417,0.0,0.0,0.0,0.0,0.0,0.0,0.0
210,FY-418,0.0,0.0,0.0,0.0,3.724928364442032,0.0,3.724928364442032
211,FY-419,0.0,0.0,0.0,0.0,1.862464182221016,0.0,1.862464182221016
212,FY-420,0.0,0.0,0.0,0.0,0.0,0.0,0.0
213,FY-421,0.0,0.0,0.0,0.0,0.0,0.0,0.0
214,FY-422,0.0,0.0,0.0,0.0,4.65616045555254,0.0,4.65616045555254
215,FY-424,0.0,0.0,29.97856023533183,0.0,4.225544805478259,0.0,4.225544805478259
216,FY-425,0.0,0.0,0.0,14.172909787376812,5.281931006847825,0.0,5.281931006847825
217,FY-428,0.0,0.0,0.0,2.3343454362202825,0.0,0.0,0.0
218,FY-429,0.0,0.0,0.0,0.0,0.0,0.0,0.0
219,FY-430,0.0,0.0,0.0,0.0,0.8723404255319148,4.382978723404255,5.25531914893617
220,FY-431,0.0,0.0,0.0,0.0,8.451089610956519,0.0,8.451089610956519
221,FY-432,0.0,0.0,0.0,0.0,0.0,0.0,0.0
222,FY-433,0.0,0.0,12.599397540407402,0.0,2.1127724027391297,0.0,2.1127724027391297
223,FY-434,0.0,0.0,26.54103550060243,0.0,0.0,0.0,0.0
224,FY-435,0.0,0.0,3.5966301575192743,0.0,0.0,0.0,0.0
225,FY-436,0.0,0.0,0.0,0.0,0.0,0.0,0.0
226,FZ-406,0.0,0.0,0.0,0.0,0.0,0.0,0.0
227,FZ-407,12.647104956504052,0.0,0.0,0.0,18.596120350425625,0.0,18.596120350425625
228,FZ-410,0.0,0.0,0.0,0.0,0.0,0.0,0.0
229,FZ-411,0.0,0.0,0.0,0.0,0.0,0.0,0.0
230,FZ-412,0.0,0.0,0.0,16.38618679435995,0.0,0.0,0.0
231,FZ-413,0.0,0.0,0.0,9.126325515913464,0.0,0.0,0.0
232,FZ-414,0.0,0.0,0.0,0.0,0.0,0.0,0.0
233,FZ-416,0.0,0.0,0.0,26.4743558743704,6.239255221362283,0.0,6.239255221362283
234,FZ-417,0.0,0.0,0.0,22.72663949090218,10.15042982640799,0.0,10.15042982640799
235,FZ-418,0.0,0.0,0.0,1.929114440363214,0.0,0.0,0.0
236,FZ-419,0.0,0.0,0.0,0.0,12.1060171844366,0.0,12.1060171844366
237,FZ-420,0.0,0.0,0.0,0.0,3.724928364442032,0.0,3.724928364442032
238,FZ-422,0.0,0.0,0.0,0.0,1.862464182221016,0.0,1.862464182221016
239,FZ-423,0.0,0.0,24.335003612761888,1.8663810625677537,2.9188503835905806,0.0,2.9188503835905806
240,FZ-424,0.0,0.0,3.5612987404058947,0.0,3.169158604108695,0.0,3.169158604108695
241,FZ-425,0.0,0.0,0.0,0.0,1.0563862013695648,0.0,1.0563862013695648
242,FZ-426,0.0,0.0,0.0,0.0,3.169158604108695,0.0,3.169158604108695
243,FZ-429,0.0,0.0,0.0,0.0,0.0,0.0,0.0
244,FZ-432,0.0,0.0,0.0,0.0,11.620248215065214,0.0,11.620248215065214
245,FZ-433,0.0,0.0,0.0,0.0,4.225544805478259,0.0,4.225544805478259
246,FZ-434,0.0,0.0,0.6418282753066836,0.0,0.0,0.0,0.0
247,FZ-435,0.0,0.0,16.087898881041788,0.0,1.0563862013695648,0.0,1.0563862013695648
248,FZ-436,0.0,0.0,19.816008080674862,0.0,0.0,0.0,0.0
249,FZ-437,0.0,0.0,14.466102520078095,0.0,0.0,0.0,0.0
250,FZ-438,0.0,0.0,0.0,0.0,0.0,0.0,0.0
251,FZ-439,0.0,0.0,0.0,0.0,0.0,0.0,0.0
252,GA-403,0.0,0.0,0.0,0.0,0.0,0.0,0.0
253,GA-404,0.0,0.0,0.0,11.09056916896802,0.0,0.0,0.0
254,GA-405,0.0,0.0,0.0,1.0471453000999804,0.0,0.0,0.0
255,GA-406,0.0,0.0,0.0,0.0,0.0,0.0,0.0
256,GA-407,24.54280911660989,0.0,0.0,0.0,23.55508577720579,0.0,23.55508577720579
257,GA-409,0.0,0.0,0.0,0.0,0.3719224217873811,0.0,0.3719224217873811
258,GA-410,0.0,0.0,0.0,0.0,0.0,0.0,0.0
259,GA-411,0.0,0.0,0.0,0.0,0.0,0.0,0.0
260,GA-412,0.0,0.0,0.0,0.0,0.0,0.0,0.0
261,GA-413,0.0,0.0,0.0,14.059748094540538,0.0,0.0,0.0
262,GA-414,0.0,0.0,0.0,3.48006337126239,0.0,0.0,0.0
263,GA-416,0.0,0.0,0.0,7.138780926008214,0.8381089153029119,0.0,0.8381089153029119
264,GA-417,0.0,0.0,0.0,10.60035532235045,0.931232091110508,0.0,0.931232091110508
265,GA-418,0.0,0.0,0.0,31.87249482040699,3.724928364442032,0.0,3.724928364442032
266,GA-419,0.0,0.0,0.0,22.518731684219365,17.69340973109965,0.0,17.69340973109965
267,GA-420,0.0,0.0,0.0,27.19682772001409,12.1060171844366,0.0,12.1060171844366
268,GA-422,0.0,0.0,54.44763735359484,0.0,23.97657362001993,0.0,23.97657362001993
269,GA-423,0.0,0.0,21.700612369330923,0.0,6.33831720821739,0.0,6.33831720821739
270,GA-425,0.0,0.0,0.0,0.0,0.0,0.0,0.0
271,GA-427,0.0,0.0,0.0,0.0,0.0,0.0,0.0
272,GA-428,0.0,0.0,0.0,0.0,1.0563862013695648,0.0,1.0563862013695648
273,GA-429,0.0,0.0,0.0,0.0,1.0563862013695648,0.0,1.0563862013695648
274,GA-430,0.0,0.0,0.0,0.0,0.0,0.0,0.0
275,GA-433,0.0,0.0,0.0,0.0,3.169158604108695,0.0,3.169158604108695
276,GA-434,0.0,0.0,0.0,0.0,0.0,0.0,0.0
277,GA-435,0.0,0.0,0.0,0.0,0.648,0.0,0.648
278,GA-436,0.0,0.0,0.0,0.0,0.324,0.0,0.324
279,GA-437,0.0,0.0,34.41554612716972,0.0,0.0,0.0,0.0
280,GA-438,0.0,0.0,0.0,0.0,0.0,0.0,0.0
281,GA-439,0.0,0.0,0.0,0.0,0.0,0.0,0.0
282,GB-402,0.0,0.0,26.48252757898417,0.0,1.2397413566950417,0.0,1.2397413566950417
283,GB-403,0.0,0.0,61.64050136711032,0.2671061961201522,12.397413566950416,0.0,12.397413566950416
284,GB-404,0.0,0.0,29.28168049442208,29.465122045655235,18.596120350425625,6.895424831228767,25.491545181654388
285,GB-406,0.0,0.0,0.0,0.0,2.479482713390083,0.0,2.479482713390083
286,GB-407,24.45417728367166,0.0,0.0,0.0,29.133921882333475,0.0,29.133921882333475
287,GB-408,0.0,0.0,0.0,0.0,1.8596120350425625,0.0,1.8596120350425625
288,GB-409,0.0,0.0,0.0,0.0,0.0,0.0,0.0
289,GB-410,0.0,0.0,0.0,0.0,0.0,0.0,0.0
290,GB-411,0.0,0.0,0.0,0.0,0.0,0.0,0.0
291,GB-412,0.0,0.0,0.0,0.0,0.0,0.0,0.0
292,GB-413,0.0,0.0,0.0,0.0,0.0,0.0,0.0
293,GB-414,0.0,0.0,0.0,8.111957399688405,0.0,0.0,0.0
294,GB-415,0.0,0.0,0.0,0.0,0.0,0.0,0.0
295,GB-416,0.0,0.0,0.0,0.0,0.931232091110508,0.0,0.931232091110508
296,GB-417,0.0,0.0,0.0,0.0,0.0,0.0,0.0
297,GB-419,0.0,0.0,0.0,0.0,1.862464182221016,0.0,1.862464182221016
298,GB-420,0.0,0.0,0.0,31.207585080749627,0.0,0.0,0.0
299,GB-421,0.0,0.0,37.1034378516762,10.36839101963457,26.089346022759063,0.0,26.089346022759063
300,GB-422,0.0,0.0,28.545622333224884,0.0,10.56386201369565,0.0,10.56386201369565
301,GB-425,0.0,0.0,0.0,0.0,3.169158604108695,0.0,3.169158604108695
302,GB-426,0.0,0.0,0.0,0.0,0.8723404255319148,4.382978723404255,5.25531914893617
303,GB-427,0.0,0.0,0.0,0.0,0.0,0.0,0.0
304,GB-428,0.0,0.0,0.0,0.0,0.0,0.0,0.0
305,GB-429,0.0,0.0,0.0,0.0,0.0,0.0,0.0
306,GB-430,0.0,0.0,0.0,0.0,0.0,0.0,0.0
307,GB-431,0.0,0.0,0.0,0.0,1.0563862013695648,0.0,1.0563862013695648
308,GB-432,0.0,0.0,0.0,0.0,1.62,0.0,1.62
309,GB-433,0.0,0.0,0.0,0.0,1.0563862013695648,0.0,1.0563862013695648
310,GB-434,0.0,0.0,0.0,0.0,0.0,0.0,0.0
311,GB-435,0.0,0.0,0.0,0.0,1.62,0.0,1.62
312,GB-436,0.0,0.0,0.0,0.0,0.0,0.0,0.0
313,GB-437,0.0,0.0,3.220673402511913,0.0,0.0,0.0,0.0
314,GB-438,0.0,0.0,23.62998045035908,0.0,0.648,0.0,0.648
315,GB-439,0.0,0.0,17.43979103360351,0.0,0.0,0.0,0.0
316,GC-396,0.0,0.0,0.0,0.0,1.425702567588732,0.0,1.425702567588732
317,GC-397,0.0,0.0,0.0,0.0,0.0,0.0,0.0
318,GC-402,0.0,0.0,0.0,0.0,1.8596120350425625,0.0,1.8596120350425625
319,GC-403,0.0,0.0,33.19124225815221,0.0,10.537801531907853,0.0,10.537801531907853
320,GC-404,0.0,0.0,26.374324828165665,0.0,4.958965426780166,0.0,4.958965426780166
321,GC-405,0.0,0.0,69.23288482243699,0.0,4.958965426780166,0.0,4.958965426780166
322,GC-406,0.0,0.0,0.0,0.0,3.719224070085125,0.0,3.719224070085125
323,GC-407,16.23273166664256,0.0,0.0,0.0,19.215991028773143,0.0,19.215991028773143
324,GC-408,53.36543873232689,0.0,0.0,16.989536621407336,48.96978358945415,6.895424831228767,55.86520842068291
325,GC-409,14.130736567975635,0.0,0.0,13.668032422557673,10.537801531907853,0.0,10.537801531907853
326,GC-410,0.0,0.0,0.0,0.0,0.0,0.0,0.0
327,GC-411,0.0,0.0,0.0,0.0,0.0,0.0,0.0
328,GC-412,0.0,0.0,0.0,0.0,0.0,0.0,0.0
329,GC-413,0.0,0.0,0.0,0.0,3.719224070085125,0.0,3.719224070085125
330,GC-414,0.0,0.0,0.0,0.0,0.0,0.0,0.0
331,GC-415,0.0,0.0,0.0,0.0,0.0,0.0,0.0
332,GC-416,0.0,0.0,0.0,0.0,0.0,0.0,0.0
333,GC-417,0.0,0.0,0.0,0.0,0.0,0.0,0.0
334,GC-418,0.0,0.0,0.0,0.0,0.931232091110508,0.0,0.931232091110508
335,GC-419,0.0,0.0,0.0,0.0,0.0,0.0,0.0
336,GC-421,0.0,0.0,25.594022702213604,15.402579620611068,24.156881049576093,0.0,24.156881049576093
337,GC-422,0.0,0.0,0.0,0.0,1.0563862013695648,0.0,1.0563862013695648
338,GC-423,0.0,0.0,0.0,0.0,0.0,0.0,0.0
339,GC-425,0.0,0.0,0.0,0.0,0.0,0.0,0.0
340,GC-426,0.0,0.0,0.0,0.0,5.281931006847825,0.0,5.281931006847825
341,GC-427,0.0,0.0,0.0,0.0,0.0,0.0,0.0
342,GC-428,0.0,0.0,0.0,0.0,0.0,0.0,0.0
343,GC-429,0.0,0.0,0.0,0.0,0.0,0.0,0.0
344,GC-430,0.0,0.0,0.0,0.0,1.0563862013695648,0.0,1.0563862013695648
345,GC-431,0.0,0.0,0.0,0.0,0.0,0.0,0.0
346,GC-432,0.0,0.0,0.0,0.0,0.972,1.6153846153846154,2.5873846153846154
347,GC-433,0.0,0.0,0.0,8.904705486114375,0.0,0.0,0.0
348,GC-434,0.0,0.0,0.0,0.0,1.296,0.0,1.296
349,GC-435,0.0,0.0,0.0,0.0,0.324,3.230769230769231,3.5547692307692307
350,GC-436,0.0,0.0,0.0,0.0,0.972,0.0,0.972
351,GC-437,0.0,0.0,0.0,0.0,4.212,0.0,4.212
352,GC-438,0.0,0.0,15.951676011362064,0.0,2.592,0.0,2.592
353,GC-439,0.0,0.0,5.554728653097878,0.0,0.0,0.0,0.0
354,GC-440,0.0,0.0,0.0,0.0,0.0,0.0,0.0
355,GD-396,0.0,0.0,0.0,0.0,1.2397413566950417,0.0,1.2397413566950417
356,GD-397,0.0,0.0,0.0,0.0,0.0,0.0,0.0
357,GD-398,0.0,0.0,0.0,0.0,2.479482713390083,0.0,2.479482713390083
358,GD-399,0.0,0.0,0.0,0.0,0.6198706783475207,0.0,0.6198706783475207
359,GD-400,0.0,0.0,0.0,0.0,0.0,0.0,0.0
360,GD-401,0.0,0.0,0.0,0.0,2.479482713390083,0.0,2.479482713390083
361,GD-402,0.0,0.0,0.0,0.0,4.339094748432646,0.0,4.339094748432646
362,GD-403,0.0,0.0,0.0,0.0,1.2397413566950417,0.0,1.2397413566950417
363,GD-404,0.0,0.0,0.0,0.0,1.2397413566950417,6.895424831228767,8.135166187923808
364,GD-405,0.0,0.0,36.106805668170566,0.0,3.099353391737604,0.0,3.099353391737604
365,GD-406,0.0,0.0,48.709448548734585,0.0,10.537801531907853,0.0,10.537801531907853
366,GD-407,0.0,0.0,15.983529517565866,0.0,0.0,0.0,0.0
367,GD-408,0.0,0.0,0.0,0.0,0.6198706783475207,0.0,0.6198706783475207
368,GD-409,66.42662218267822,0.0,0.0,21.7558763593013,40.91146477093637,0.0,40.91146477093637
369,GD-410,0.0,0.0,0.0,0.0,6.198706783475208,0.0,6.198706783475208
370,GD-411,0.0,0.0,0.0,0.0,0.0,0.0,0.0
371,GD-412,0.0,0.0,0.0,0.0,0.6198706783475207,0.0,0.6198706783475207
372,GD-413,0.0,0.0,0.0,0.8792507456071303,0.6198706783475207,0.0,0.6198706783475207
373,GD-414,0.0,0.0,0.0,0.0,0.0,0.0,0.0
374,GD-415,0.0,0.0,0.0,0.0,0.0,0.0,0.0
375,GD-416,0.0,0.0,0.0,0.0,0.0,0.0,0.0
376,GD-417,0.0,0.0,0.0,0.0,0.0,0.0,0.0
377,GD-418,0.0,0.0,0.0,0.0,0.0,0.0,0.0
378,GD-419,0.0,0.0,0.0,0.0,0.0,0.0,0.0
379,GD-421,0.0,0.0,38.99327588185915,2.7333791165063013,2.9188503835905806,0.0,2.9188503835905806
380,GD-423,0.0,0.0,0.0,0.0,1.0563862013695648,0.0,1.0563862013695648
381,GD-424,0.0,0.0,0.0,0.0,0.0,0.0,0.0
382,GD-425,0.0,0.0,0.0,0.0,0.0,0.0,0.0
383,GD-426,0.0,0.0,0.0,0.0,0.0,0.0,0.0
384,GD-427,0.0,0.0,0.0,0.0,7.394703409586954,0.0,7.394703409586954
385,GD-428,0.0,0.0,0.0,0.0,0.0,0.0,0.0
386,GD-429,0.0,0.0,0.0,0.0,0.0,0.0,0.0
387,GD-430,0.0,0.0,0.0,0.0,0.0,0.0,0.0
388,GD-432,0.0,0.0,0.0,0.0,0.0,0.0,0.0
389,GD-433,0.0,0.0,0.0,23.042485521837374,0.0,0.0,0.0
390,GD-434,0.0,0.0,0.0,0.0,3.24,0.0,3.24
391,GD-435,0.0,0.0,0.0,0.0,3.24,0.0,3.24
392,GD-436,0.0,0.0,0.0,0.0,5.832,0.0,5.832
393,GD-437,0.0,0.0,0.0,0.0,8.1,0.0,8.1
394,GD-438,0.0,0.0,20.612039366477703,0.0,0.0,0.0,0.0
395,GD-439,0.0,0.0,0.0,0.0,0.0,0.0,0.0
396,GD-440,0.0,0.0,0.0,0.0,0.648,0.0,0.648
397,GE-396,0.0,0.0,0.0,0.0,0.0,0.0,0.0
398,GE-397,0.0,0.0,0.0,0.0,0.0,0.0,0.0
399,GE-398,0.0,0.0,0.0,0.0,1.2397413566950417,0.0,1.2397413566950417
400,GE-399,0.0,0.0,0.0,0.0,0.6198706783475207,0.0,0.6198706783475207
401,GE-402,0.0,0.0,0.0,0.0,1.2397413566950417,0.0,1.2397413566950417
402,GE-403,0.0,0.0,0.0,0.0,6.198706783475208,0.0,6.198706783475208
403,GE-404,0.0,0.0,0.0,0.0,0.6198706783475207,0.0,0.6198706783475207
404,GE-405,0.0,0.0,0.0,0.0,2.479482713390083,6.895424831228767,9.37490754461885
405,GE-406,0.0,0.0,0.0,0.0,0.0,0.0,0.0
406,GE-407,0.0,0.0,47.65061897821469,0.0,1.2397413566950417,0.0,1.2397413566950417
407,GE-408,8.327950199196934,0.0,51.841673170306336,4.328346021968905,13.017284245297937,6.895424831228767,19.912709076526703
408,GE-409,31.07624737865,0.0,0.0,5.462344818140227,39.67172341424133,0.0,39.67172341424133
409,GE-410,0.0,0.0,0.0,0.0,1.2397413566950417,0.0,1.2397413566950417
410,GE-411,0.0,0.0,0.0,0.0,0.0,0.0,0.0
411,GE-412,0.0,0.0,0.0,0.0,0.0,0.0,0.0
412,GE-413,0.0,0.0,0.0,0.0,0.6198706783475207,0.0,0.6198706783475207
413,GE-414,0.0,0.0,0.0,0.0,0.0,0.0,0.0
414,GE-415,0.0,0.0,0.0,0.0,3.724928364442032,0.0,3.724928364442032
415,GE-416,0.0,0.0,0.0,0.0,6.668839229971379,6.609442056704262,13.27828128667564
416,GE-417,0.0,0.0,0.0,0.0,0.0,0.0,0.0
417,GE-418,0.0,0.0,0.0,0.0,0.0,0.0,0.0
418,GE-419,0.0,0.0,0.0,0.0,0.0,0.0,0.0
419,GE-420,0.0,0.0,0.0,3.3862797235188147,0.0,0.0,0.0
420,GE-421,0.0,0.0,24.16420304391442,25.933892330655503,5.962854877440218,0.0,5.962854877440218
421,GE-422,0.0,0.0,0.0,9.265623709795308,0.0,0.0,0.0
422,GE-423,0.0,0.0,0.0,0.0,3.169158604108695,0.0,3.169158604108695
423,GE-424,0.0,0.0,0.0,0.0,0.0,0.0,0.0
424,GE-425,0.0,0.0,0.0,0.0,2.1127724027391297,0.0,2.1127724027391297
425,GE-426,0.0,0.0,0.0,0.0,0.0,0.0,0.0
426,GE-427,0.0,0.0,0.0,0.0,14.789406819173909,0.0,14.789406819173909
427,GE-428,0.0,0.0,0.0,0.0,0.324,0.0,0.324
428,GE-429,0.0,0.0,0.0,5.9893449495285935,0.0,0.0,0.0
429,GE-430,0.0,0.0,0.0,3.101864219997821,0.0,0.0,0.0
430,GE-431,0.0,0.0,0.0,3.814446655904885,0.324,0.0,0.324
431,GE-432,0.0,0.0,0.0,0.0,0.0,0.0,0.0
432,GE-433,0.0,0.0,0.0,22.05003397594237,3.888,0.0,3.888
433,GE-434,0.0,0.0,0.0,0.0,2.592,0.0,2.592
434,GE-435,0.0,0.0,0.0,0.0,2.916,0.0,2.916
435,GE-436,0.0,0.0,0.0,0.0,1.62,0.0,1.62
436,GE-437,0.0,0.0,23.665264922911877,0.0,9.72,0.0,9.72
437,GE-438,0.0,0.0,12.250319421126768,0.0,1.62,0.0,1.62
438,GE-439,0.0,0.0,0.0,0.0,6.804,0.0,6.804
439,GE-440,0.0,0.0,0.0,0.0,0.0,0.0,0.0
440,GE-441,0.0,0.0,0.0,0.2901877050520928,0.0,0.0,0.0
441,GF-396,0.0,0.0,0.0,0.0,0.0,0.0,0.0
442,GF-397,0.0,0.0,0.0,0.0,0.0,0.0,0.0
443,GF-398,0.0,0.0,0.0,0.0,0.0,0.0,0.0
444,GF-399,0.0,0.0,0.0,0.0,1.8596120350425625,0.0,1.8596120350425625
445,GF-400,0.0,0.0,0.0,0.0,0.0,0.0,0.0
446,GF-402,0.0,0.0,0.0,0.0,6.198706783475208,0.0,6.198706783475208
447,GF-403,0.0,0.0,0.0,0.0,0.0,0.0,0.0
448,GF-404,0.0,0.0,0.0,0.0,0.0,0.0,0.0
449,GF-405,0.0,0.0,0.0,0.0,0.6198706783475207,0.0,0.6198706783475207
450,GF-406,0.0,0.0,0.0,17.96097036592303,10.537801531907853,0.0,10.537801531907853
451,GF-407,0.0,0.0,0.0,23.548798913370224,4.958965426780166,0.0,4.958965426780166
452,GF-408,20.060838861728136,0.0,0.0,22.789920470451072,25.41469781224835,0.0,25.41469781224835
453,GF-409,4.074176007038602,0.0,0.0,5.617511548435856,6.818577461822729,0.0,6.818577461822729
454,GF-410,0.0,0.0,0.0,0.0,3.719224070085125,0.0,3.719224070085125
455,GF-411,0.0,0.0,0.0,0.0,1.8596120350425625,0.0,1.8596120350425625
456,GF-412,0.0,0.0,0.0,0.0,0.0,0.0,0.0
457,GF-413,0.0,0.0,0.0,0.0,0.0,0.0,0.0
458,GF-414,0.0,0.0,0.0,0.0,0.6198706783475207,0.0,0.6198706783475207
459,GF-415,0.0,0.0,0.0,0.0,0.931232091110508,0.0,0.931232091110508
460,GF-416,0.0,0.0,0.0,0.0,0.0,0.0,0.0
461,GF-417,0.0,0.0,0.0,0.0,0.0,0.0,0.0
462,GF-418,0.0,0.0,0.0,0.0,0.0,0.0,0.0
463,GF-419,0.0,0.0,0.0,3.922165305658932,0.0,0.0,0.0
464,GF-420,0.0,0.0,9.15875221695823,12.37350789023509,18.264026963097827,0.0,18.264026963097827
465,GF-421,0.0,0.0,17.294557659737972,19.19773685725769,28.52242743697825,0.0,28.52242743697825
466,GF-422,0.0,0.0,0.0,11.397016198251045,3.169158604108695,0.0,3.169158604108695
467,GF-423,0.0,0.0,0.0,0.0,1.0563862013695648,0.0,1.0563862013695648
468,GF-424,0.0,0.0,0.0,0.0,0.0,0.0,0.0
469,GF-425,0.0,0.0,0.0,0.0,2.1127724027391297,0.0,2.1127724027391297
470,GF-426,0.0,0.0,0.0,0.0,0.0,0.0,0.0
471,GF-427,0.0,0.0,0.0,0.0,0.0,0.0,0.0
472,GF-429,0.0,0.0,0.0,22.30275601820319,0.0,0.0,0.0
473,GF-430,0.0,0.0,0.0,11.150958382511185,0.0,0.0,0.0
474,GF-431,0.0,0.0,0.0,17.64190385159221,2.268,0.0,2.268
475,GF-432,0.0,0.0,0.0,18.17390762910848,0.0,0.0,0.0
476,GF-433,0.0,0.0,0.0,32.08911556369921,21.384,61.38461538461539,82.76861538461539
477,GF-434,0.0,0.0,0.0,0.0,1.296,0.0,1.296
478,GF-435,0.0,0.0,0.0,0.0,4.212,0.0,4.212
479,GF-436,0.0,0.0,12.204670933735574,0.0,23.652,0.0,23.652
480,GF-437,0.0,0.0,9.703184383791694,0.0,5.184,0.0,5.184
481,GF-439,0.0,0.0,0.0,0.0,5.507999999999999,0.0,5.507999999999999
482,GF-440,0.0,0.0,0.0,0.0,5.184,0.0,5.184
483,GG-397,0.0,0.0,0.0,0.0,0.1859612108936905,0.0,0.1859612108936905
484,GG-398,0.0,0.0,0.0,0.0,0.0,0.0,0.0
485,GG-399,0.0,0.0,0.0,0.0,0.0,0.0,0.0
486,GG-400,0.0,0.0,0.0,0.0,0.6198706783475207,0.0,0.6198706783475207
487,GG-401,0.0,0.0,0.0,0.0,0.0,0.0,0.0
488,GG-402,0.0,0.0,0.0,0.0,0.0,0.0,0.0
489,GG-403,0.0,0.0,0.0,0.0,0.0,0.0,0.0
490,GG-404,0.0,0.0,0.0,0.0,0.6198706783475207,0.0,0.6198706783475207
491,GG-405,0.0,0.0,0.0,13.723336573787456,5.578836105127687,0.0,5.578836105127687
492,GG-406,0.0,0.0,0.0,1.327764058408263,1.8596120350425625,0.0,1.8596120350425625
493,GG-407,0.0,0.0,0.0,0.0,1.8596120350425625,0.0,1.8596120350425625
494,GG-408,24.085526787865547,0.0,0.0,10.480339059180135,24.17495645555331,13.790849662457534,37.965806118010846
495,GG-409,0.0,0.0,0.0,0.6325316780313106,1.8596120350425625,0.0,1.8596120350425625
496,GG-410,0.0,0.0,0.0,0.0,1.2397413566950417,0.0,1.2397413566950417
497,GG-411,0.0,0.0,0.0,0.0,1.8596120350425625,6.895424831228767,8.755036866271329
498,GG-412,0.0,0.0,0.0,0.0,0.0,0.0,0.0
499,GG-413,0.0,0.0,0.0,0.0,0.0,0.0,0.0
500,GG-414,0.0,0.0,0.0,0.0,0.6198706783475207,0.0,0.6198706783475207
501,GG-415,0.0,0.0,0.0,0.0,0.0,0.0,0.0
502,GG-416,0.0,0.0,0.0,0.0,0.0,0.0,0.0
503,GG-417,0.0,0.0,0.0,0.0,0.0,0.0,0.0
504,GG-418,0.0,0.0,0.0,0.0,4.65616045555254,0.0,4.65616045555254
505,GG-419,0.0,0.0,0.0,0.0,2.793696273331524,0.0,2.793696273331524
506,GG-420,0.0,0.0,39.31795437700485,2.9781301349102187,75.11988637022905,0.0,75.11988637022905
507,GG-421,0.0,0.0,0.0,0.0,1.0563862013695648,0.0,1.0563862013695648
508,GG-422,0.0,0.0,0.0,0.0,0.0,0.0,0.0
509,GG-423,0.0,0.0,0.0,0.0,0.0,0.0,0.0
510,GG-424,0.0,0.0,0.0,0.0,2.1127724027391297,0.0,2.1127724027391297
511,GG-426,0.0,0.0,0.0,0.0,1.0563862013695648,0.0,1.0563862013695648
512,GG-427,0.0,0.0,0.0,0.0,0.972,0.0,0.972
513,GG-428,0.0,0.0,0.0,14.780087690074687,0.648,1.6153846153846154,2.263384615384616
514,GG-429,0.0,0.0,0.0,18.590719207856694,1.62,0.0,1.62
515,GG-430,0.0,0.0,0.0,31.964604377227623,0.324,0.0,0.324
516,GG-431,0.0,0.0,0.0,0.0,0.0,0.0,0.0
517,GG-432,0.0,0.0,0.0,0.0,1.62,0.0,1.62
518,GG-433,0.0,0.0,0.0,19.69419867437537,17.172,0.0,17.172
519,GG-434,0.0,0.0,0.0,0.0,0.0,0.0,0.0
520,GG-435,0.0,0.0,0.0,0.0,21.384,1.6153846153846154,22.999384615384617
521,GG-436,0.0,0.0,0.0,1.0152496551284904,27.216,1.6153846153846154,28.831384615384614
522,GG-437,0.0,0.0,21.40196362852305,2.1117694564566136,34.02,6.461538461538462,40.481538461538456
523,GG-438,0.0,0.0,0.0,0.0,5.184,1.6153846153846154,6.799384615384616
524,GG-439,0.0,0.0,0.0,11.105149753369528,18.775869184348842,0.0,18.775869184348842
525,GG-440,0.0,0.0,0.0,0.0,9.77028226591396,0.0,9.77028226591396
526,GH-398,0.0,0.0,0.0,0.0,0.0,0.0,0.0
527,GH-399,0.0,0.0,0.0,0.0,0.0,0.0,0.0
528,GH-400,0.0,0.0,0.0,0.0,0.0,0.0,0.0
529,GH-401,0.0,0.0,0.0,0.0,0.6198706783475207,0.0,0.6198706783475207
530,GH-402,0.0,0.0,0.0,0.0,0.0,0.0,0.0
531,GH-403,0.0,0.0,0.0,0.0,1.2397413566950417,0.0,1.2397413566950417
532,GH-404,0.0,0.0,0.0,0.0,1.2397413566950417,0.0,1.2397413566950417
533,GH-408,67.46675167569074,0.0,0.0,7.534701507438499,32.8531459524186,0.0,32.8531459524186
534,GH-410,0.0,0.0,0.0,0.0,2.479482713390083,0.0,2.479482713390083
535,GH-411,0.0,0.0,0.0,0.0,4.958965426780166,0.0,4.958965426780166
536,GH-412,0.0,0.0,0.0,0.0,0.0,0.0,0.0
537,GH-413,0.0,0.0,0.0,0.0,0.0,0.0,0.0
538,GH-414,0.0,0.0,0.0,0.984899470351302,0.0,0.0,0.0
539,GH-415,0.0,0.0,0.0,20.2241498796287,1.862464182221016,0.0,1.862464182221016
540,GH-416,0.0,0.0,0.0,14.879512976388275,0.931232091110508,0.0,0.931232091110508
541,GH-417,0.0,0.0,0.0,0.0,0.0,0.0,0.0
542,GH-418,0.0,0.0,2.90133729664474,8.292505133393368,24.2120343688732,0.0,24.2120343688732
543,GH-419,0.0,0.0,27.19558004869622,11.407431822659982,82.986844762983,0.0,82.986844762983
544,GH-420,0.0,0.0,15.573744155329248,6.234860563135066,26.861277590373973,0.0,26.861277590373973
545,GH-421,0.0,0.0,28.37823774371879,5.311031888739141,13.870970672986147,0.0,13.870970672986147
546,GH-422,0.0,0.0,26.307934320932784,0.0,34.378842618327525,0.0,34.378842618327525
547,GH-423,0.0,0.0,0.0,0.0,11.620248215065214,0.0,11.620248215065214
548,GH-424,0.0,0.0,0.0,0.0,2.1127724027391297,0.0,2.1127724027391297
549,GH-425,0.0,0.0,0.0,0.0,13.733020617804344,0.0,13.733020617804344
550,GH-426,0.0,0.0,0.0,0.0,3.817158604108695,0.0,3.817158604108695
551,GH-428,0.0,0.0,0.0,0.0,0.0,0.0,0.0
552,GH-430,0.0,0.0,0.0,22.432684237834117,2.916,1.6153846153846154,4.531384615384615
553,GH-431,0.0,0.0,0.0,20.249653508346945,2.916,0.0,2.916
554,GH-432,0.0,0.0,0.0,19.6689709241866,5.507999999999999,1.6153846153846154,7.123384615384614
555,GH-433,0.0,0.0,0.0,25.82056223793945,24.948,8.076923076923077,33.02492307692307
556,GH-434,0.0,0.0,0.0,0.0,9.72,0.0,9.72
557,GH-435,0.0,0.0,0.0,8.901329002467504,25.92,0.0,25.92
558,GH-436,0.0,0.0,0.0,17.02536428284193,27.216,0.0,27.216
559,GH-437,0.0,0.0,26.140407871929614,15.44222774741027,41.67233712142225,7.420087684336389,49.09242480575864
560,GH-438,0.0,0.0,0.0,19.116403003060142,18.385456102783728,0.0,18.385456102783728
561,GH-439,0.0,0.0,0.0,25.88878895121406,17.854151450262798,0.0,17.854151450262798
562,GH-440,0.0,0.0,0.0,0.0,18.564531827915125,0.0,18.564531827915125
563,GI-397,0.0,0.0,0.0,4.291216469554497,0.7438448435747622,0.0,0.7438448435747622
564,GI-398,0.0,0.0,0.0,0.0,0.0,0.0,0.0
565,GI-401,0.0,0.0,0.0,0.0,6.322680948702449,0.0,6.322680948702449
566,GI-402,0.0,0.0,0.0,0.0,2.479482713390083,0.0,2.479482713390083
567,GI-404,0.0,0.0,0.0,0.0,0.0,0.0,0.0
568,GI-405,0.0,0.0,0.0,0.0,0.0,0.0,0.0
569,GI-406,0.0,0.0,0.0,0.0,0.0,0.0,0.0
570,GI-407,0.0,0.0,0.0,3.157181314125634,3.099353391737604,0.0,3.099353391737604
571,GI-408,69.18079117787511,0.0,0.0,13.37011605771646,42.771076805978936,13.790849662457534,56.56192646843647
572,GI-409,20.869555937690524,0.0,0.0,0.0,4.958965426780166,0.0,4.958965426780166
573,GI-411,0.0,0.0,0.0,0.0,6.198706783475208,0.0,6.198706783475208
574,GI-412,0.0,0.0,0.0,0.0,8.058318818517769,0.0,8.058318818517769
575,GI-413,0.0,0.0,0.0,0.0,0.6198706783475207,0.0,0.6198706783475207
576,GI-415,0.0,0.0,0.0,29.43587949739095,1.2397413566950417,0.0,1.2397413566950417
577,GI-416,0.0,0.0,0.0,8.333010621894347,0.931232091110508,0.0,0.931232091110508
578,GI-417,0.0,0.0,0.0,0.0,6.518624637773555,0.0,6.518624637773555
579,GI-418,0.0,0.0,27.041430728838666,12.812129094670365,69.78304300923449,0.0,69.78304300923449
580,GI-419,0.0,0.0,0.0,1.4452748486635163,2.411356466876972,0.0,2.411356466876972
581,GI-420,0.0,0.0,0.0,2.078464358641642,1.6075709779179812,0.0,1.6075709779179812
582,GI-421,0.0,0.0,0.0,20.47241540849052,13.664353312302838,0.0,13.664353312302838
583,GI-422,0.0,0.0,13.790371168356863,0.0,32.90922169559134,4.88,37.789221695591344
584,GI-423,0.0,0.0,12.751271759729608,0.0,13.82498732125888,0.0,13.82498732125888
585,GI-424,0.0,0.0,0.0,0.0,9.507475812326083,0.0,9.507475812326083
586,GI-425,0.0,0.0,0.0,12.049906162066,27.62126883286956,0.0,27.62126883286956
587,GI-426,0.0,0.0,0.0,0.0,1.296,0.0,1.296
588,GI-427,0.0,0.0,0.0,0.0,4.212,0.0,4.212
589,GI-428,0.0,0.0,0.0,3.8757256641689937,0.324,0.0,0.324
590,GI-429,0.0,0.0,0.0,26.76891852745261,0.0,0.0,0.0
591,GI-430,0.0,0.0,0.0,15.198133814923354,0.972,0.0,0.972
592,GI-433,0.0,0.0,0.0,28.53482654306692,18.792,0.0,18.792
593,GI-434,0.0,0.0,4.882263991386839,3.790965041855127,2.592,0.0,2.592
594,GI-435,0.0,0.0,24.701161334822732,0.0,22.468662643566283,0.0,22.468662643566283
595,GI-436,0.0,0.0,22.42706605654285,5.676079470615059,35.85725987930699,0.0,35.85725987930699
596,GI-437,0.0,0.0,23.26258170976706,0.0,38.57108580742576,0.9585492227979276,39.52963503022368
597,GI-438,0.0,0.0,0.0,0.0,0.4527934592174421,0.0,0.4527934592174421
598,GI-439,0.0,0.0,0.0,19.056609229985025,22.186879501654666,0.0,22.186879501654666
599,GI-440,0.0,0.0,0.0,12.922784522379876,11.985065172814116,0.9585492227979276,12.943614395612045
600,GJ-397,0.0,0.0,0.0,7.081498914153204,0.3719224217873811,0.0,0.3719224217873811
601,GJ-398,0.0,0.0,0.0,23.070248462670843,1.115767265362143,0.0,1.115767265362143
602,GJ-399,0.0,0.0,0.0,19.80643599297537,1.673650898043215,0.0,1.673650898043215
603,GJ-400,0.0,0.0,0.0,0.0,12.397413566950416,0.0,12.397413566950416
604,GJ-401,0.0,0.0,0.0,0.0,0.1859612108936905,0.0,0.1859612108936905
605,GJ-402,0.0,0.0,0.0,0.0,8.678189496865292,0.0,8.678189496865292
606,GJ-403,0.0,0.0,0.0,0.0,0.0,0.0,0.0
607,GJ-404,0.0,0.0,0.0,0.0,0.0,0.0,0.0
608,GJ-405,0.0,0.0,0.0,0.0,0.0,0.0,0.0
609,GJ-406,0.0,0.0,0.0,0.0,2.479482713390083,0.0,2.479482713390083
610,GJ-407,0.0,0.0,0.0,0.0,16.116637637035538,0.0,16.116637637035538
611,GJ-408,0.0,0.0,0.0,0.0,10.537801531907853,0.0,10.537801531907853
612,GJ-409,45.99669825032455,0.0,0.0,0.0,29.753792560681,0.0,29.753792560681
613,GJ-410,25.560120199880537,0.0,0.0,3.685583599852042,34.71275798746117,6.895424831228767,41.60818281868993
614,GJ-411,0.0,0.0,0.0,0.1543181519954331,8.678189496865292,0.0,8.678189496865292
615,GJ-412,0.0,0.0,0.0,16.50361589828742,17.356378993730583,6.895424831228767,24.25180382495935
616,GJ-413,0.0,0.0,0.0,0.0,0.6198706783475207,0.0,0.6198706783475207
617,GJ-414,0.0,0.0,0.0,10.299847850911387,8.061170965696224,0.0,8.061170965696224
618,GJ-415,0.0,0.0,0.0,21.233927728733672,19.555873913320667,0.0,19.555873913320667
619,GJ-416,0.0,0.0,0.0,22.317287356516037,8.38108881999457,0.0,8.38108881999457
620,GJ-417,0.0,0.0,16.189262940099674,4.350380718763287,70.49870896413285,19.828326170112785,90.32703513424563
621,GJ-418,0.0,0.0,6.674520952662672,4.2992419383441405,11.213890969375981,0.0,11.213890969375981
622,GJ-419,0.0,0.0,0.0,31.8905273928416,8.037854889589905,0.0,8.037854889589905
623,GJ-420,0.0,0.0,0.0,0.0,0.0,0.0,0.0
624,GJ-421,0.0,0.0,0.0,28.44596965627975,3.2151419558359624,0.0,3.2151419558359624
625,GJ-422,0.0,0.0,0.0,3.990250916279576,4.018927444794953,0.0,4.018927444794953
626,GJ-423,0.0,0.0,18.668393754756316,0.0,26.088387016327044,0.0,26.088387016327044
627,GJ-424,0.0,0.0,17.30941768856387,18.970006003146917,68.56921381278048,56.97872340425532,125.54793721703578
628,GJ-425,0.0,0.0,0.0,0.2167647572619681,0.648,0.0,0.648
629,GJ-426,0.0,0.0,0.0,0.0,5.184,0.0,5.184
630,GJ-427,0.0,0.0,0.0,0.0,0.0,0.0,0.0
631,GJ-428,0.0,0.0,0.0,0.0,0.0,0.0,0.0
632,GJ-429,0.0,0.0,0.0,0.0,0.0,0.0,0.0
633,GJ-430,0.0,0.0,14.018382515750575,0.0,0.324,0.0,0.324
634,GJ-431,0.0,0.0,22.59004709727873,0.0,3.1071738368697686,0.0,3.1071738368697686
635,GJ-432,0.0,0.0,21.66892686318525,0.0,30.107803776523262,0.0,30.107803776523262
636,GJ-433,0.0,0.0,22.139749448096985,0.0,30.15405333852443,4.846153846153847,35.000207184678274
637,GJ-434,0.0,0.0,17.458467332147578,29.97925711884343,50.072932840179085,0.0,50.072932840179085
638,GJ-437,0.0,0.0,20.816635143475235,0.0,29.19121662307692,0.9585492227979276,30.14976584587485
639,GJ-438,0.0,0.0,26.34916177920753,0.0,33.66330522945894,4.792746113989637,38.45605134344858
640,GJ-439,0.0,0.0,22.72934889785586,22.78185164439408,34.86509635974304,0.0,34.86509635974304
641,GJ-440,0.0,0.0,0.0,18.719058437541246,14.942184154175589,0.0,14.942184154175589
642,GJ-441,0.0,0.0,0.0,2.932042219900597,2.7167607553046524,0.0,2.7167607553046524
643,GK-399,0.0,0.0,0.0,5.264293826404602,1.115767265362143,0.0,1.115767265362143
644,GK-400,0.0,0.0,0.0,17.63316464116381,0.991793100134902,0.0,0.991793100134902
645,GK-401,0.0,0.0,0.0,17.000408594136626,0.1859612108936905,0.0,0.1859612108936905
646,GK-402,0.0,0.0,0.0,37.72060293545329,2.665443998178117,0.0,2.665443998178117
647,GK-403,0.0,0.0,0.0,6.069138274974597,4.95896550067451,0.0,4.95896550067451
648,GK-404,0.0,0.0,0.0,0.0,1.8596120350425625,0.0,1.8596120350425625
649,GK-405,0.0,0.0,0.0,0.0,9.917930853560332,0.0,9.917930853560332
650,GK-406,0.0,0.0,0.0,0.0,10.537801531907853,0.0,10.537801531907853
651,GK-407,0.0,0.0,0.0,0.0,0.0,0.0,0.0
652,GK-408,0.0,0.0,0.0,0.0,1.2397413566950417,0.0,1.2397413566950417
653,GK-409,0.0,0.0,0.0,0.0,9.917930853560332,0.0,9.917930853560332
654,GK-410,0.337267213183185,0.0,3.965063518253006,24.475923608590712,19.255664040816832,13.790849662457534,33.046513703274364
655,GK-411,32.05381588471384,0.0,16.78934777828896,28.20637748364622,86.913256592486,53.934640485268034,140.84789707775403
656,GK-412,69.1453861636048,0.0,0.0,9.665966365545998,56.23459700595413,53.934640485268034,110.16923749122216
657,GK-413,56.069733430782264,0.0,0.0,5.216179611858956,52.36174557984898,0.0,52.36174557984898
658,GK-414,24.70919820227612,0.0,0.0,28.587796364504342,65.78212501084339,0.0,65.78212501084339
659,GK-415,9.609134055809095,0.0,0.0,3.629657584618079,18.845567011401542,0.0,18.845567011401542
660,GK-416,0.0,0.0,0.0,32.30475034256851,40.04297991775184,0.0,40.04297991775184
661,GK-417,0.0,0.0,21.85938128901455,17.38763574113003,112.23737939386329,9.76,121.9973793938633
662,GK-418,0.0,0.0,0.0,13.71379165063749,5.626498422712934,0.0,5.626498422712934
663,GK-419,0.0,0.0,0.0,27.838786583729117,24.917350157728706,0.0,24.917350157728706
664,GK-420,0.0,0.0,0.0,0.0,8.037854889589905,0.0,8.037854889589905
665,GK-421,0.0,0.0,0.0,23.18143279940037,20.898422712933755,0.0,20.898422712933755
666,GK-422,0.0,0.0,0.0,38.9687969096946,41.79684542586751,0.0,41.79684542586751
667,GK-423,0.0,0.0,0.0,43.045387843198505,61.891482649842274,14.64,76.53148264984227
668,GK-424,0.0,0.0,23.990284267020925,14.619520497678456,43.10527444794952,0.0,43.10527444794952
669,GK-425,0.0,0.0,0.8838013532147999,0.0,0.8037854889589906,0.0,0.8037854889589906
670,GK-426,0.0,0.0,0.0,0.0,9.396,0.0,9.396
671,GK-428,0.0,0.0,0.0,0.0,0.0,0.0,0.0
672,GK-429,0.0,0.0,0.0,0.0,0.324,0.0,0.324
673,GK-430,0.0,0.0,28.578942774354434,0.0,4.7491930541368745,0.0,4.7491930541368745
674,GK-431,0.0,0.0,0.0,0.0,3.622347673739537,0.0,3.622347673739537
675,GK-432,0.0,0.0,0.0,0.0,0.0,0.0,0.0
676,GK-434,0.0,0.0,0.0,40.90259383629694,40.96384656273041,0.9585492227979276,41.92239578552834
677,GK-435,0.0,0.0,0.0,15.6080203459894,33.42897257628039,36.424870466321245,69.85384304260162
678,GK-436,0.0,0.0,0.0,0.0,26.714814093829084,0.0,26.714814093829084
679,GK-437,0.0,0.0,0.0,0.0,2.7167607553046524,0.0,2.7167607553046524
680,GK-438,0.0,0.0,21.869850106452954,14.693484233864844,42.04299701142075,20.12953367875648,62.172530690177226
681,GK-439,0.0,0.0,9.928224046197355,55.4759210636801,57.9017167940402,3.83419689119171,61.73591368523191
682,GK-440,0.0,0.0,12.288024561554632,20.606984540903408,26.26202063461164,0.0,26.26202063461164
683,GK-441,0.0,0.0,0.0,9.50510261014604,3.1695542145220945,0.0,3.1695542145220945
684,GK-442,0.0,0.0,0.0,0.0,3.1695542145220945,0.0,3.1695542145220945
685,GL-403,0.0,0.0,0.0,18.176536806636843,4.091146639661193,0.0,4.091146639661193
686,GL-404,0.0,0.0,0.0,0.0,4.958965426780166,0.0,4.958965426780166
687,GL-405,0.0,0.0,0.0,0.0,0.0,0.0,0.0
688,GL-406,0.0,0.0,14.42018559722373,0.0,17.844842887100924,0.0,17.844842887100924
689,GL-407,0.0,0.0,22.590386184325553,0.0,3.468798248976891,0.0,3.468798248976891
690,GL-408,0.0,0.0,22.96895667276728,0.0,34.27886462048594,0.0,34.27886462048594
691,GL-409,0.0,0.0,23.60479786281921,0.0,23.832796861511582,0.0,23.832796861511582
692,GL-410,0.0,0.0,20.809489371122183,31.938181421601826,46.08369277228639,0.0,46.08369277228639
693,GL-411,0.0,0.0,0.0,10.28729183188495,14.244637853146854,0.0,14.244637853146854
694,GL-412,0.0,0.0,0.0,0.9423580849558356,31.343565423776223,53.833333333333336,85.17689875710956
695,GL-413,0.0,0.0,0.0,66.43307224380025,21.841778041491843,0.0,21.841778041491843
696,GL-414,0.0,0.0,0.0,62.06880793205276,57.92819393613053,0.0,57.92819393613053
697,GL-415,19.12820956381812,0.0,0.0,14.662562284321485,95.65227625600824,25.494992836779453,121.1472690927877
698,GL-416,24.055079542621662,0.0,1.229771755284058,12.339331109457872,209.18950170572165,294.61158787124066,503.80108957696234
699,GL-417,0.0,0.0,21.916293110863514,42.70901206205534,194.42847859482623,19.828326170112785,214.256804764939
700,GL-418,0.0,0.0,0.0,14.2798671172405,17.683280757097794,63.440000000000005,81.1232807570978
701,GL-419,0.0,0.0,0.0,5.093099302535448,16.07570977917981,14.64,30.71570977917981
702,GL-420,0.0,0.0,0.0,0.0,5.626498422712934,24.4,30.026498422712937
703,GL-421,0.0,0.0,0.0,23.01898382734044,58.67634069400631,9.76,68.4363406940063
704,GL-422,0.0,0.0,0.0,2.1975708437360133,4.822712933753944,0.0,4.822712933753944
705,GL-423,0.0,0.0,0.0,44.48349255158741,70.73312302839118,9.76,80.49312302839118
706,GL-424,0.0,0.0,0.0,8.311720402006014,15.271924290220822,0.0,15.271924290220822
707,GL-425,0.0,0.0,22.148862769936372,0.0,30.9051356466877,0.0,30.9051356466877
708,GL-426,0.0,0.0,0.0,0.0,13.608,0.0,13.608
709,GL-428,0.0,0.0,0.0730465586216189,0.0,0.0,0.0,0.0
710,GL-429,0.0,0.0,28.659430691937175,0.0,8.522175689479061,0.0,8.522175689479061
711,GL-430,0.0,0.0,3.41144176078616,0.0,5.608053414906759,0.505759162303665,6.113812577210424
712,GL-432,0.0,0.0,0.0,0.0,13.28146756402657,0.0,13.28146756402657
713,GL-433,0.0,0.0,0.0,15.481786350723045,16.753357991045355,0.0,16.753357991045355
714,GL-434,0.0,0.0,0.0,9.013198984083182,8.815510958292021,0.9585492227979276,9.774060181089949
715,GL-435,0.0,0.0,0.0,15.207335698074353,11.772629939653497,0.0,11.772629939653497
716,GL-436,0.0,0.0,0.0,9.138095025300204,1.3583803776523262,0.0,1.3583803776523262
717,GL-437,0.0,0.0,0.0,14.187466113551157,15.847771072610472,0.0,15.847771072610472
718,GL-438,0.0,9.42951281524039,22.57526653961314,50.20267985954627,116.36791901888262,0.0,116.36791901888262
719,GL-439,0.0,21.08574626114576,16.561221258256502,92.97719086437722,193.97026651106825,96.81347150259067,290.78373801365893
720,GL-440,0.0,6.2547207641518,22.76328524132797,8.924099002235614,67.4831997062861,14.378238341968911,81.86143804825501
721,GL-441,0.0,0.0,22.01108658154808,6.444140367078692,35.206197847375684,7.66839378238342,42.8745916297591
722,GL-442,0.0,0.0,18.26713969353905,0.0,27.352119793310948,2.8756476683937824,30.22776746170473
723,GM-400,0.0,0.0,0.0,0.0,3.099353391737604,0.0,3.099353391737604
724,GM-401,0.0,0.0,0.0,0.0,0.5578836326810717,13.790849662457534,14.348733295138606
725,GM-402,0.0,0.0,18.009687390157705,0.0,15.37205620012908,0.0,15.37205620012908
726,GM-403,0.0,0.0,21.524411140180295,10.769941660585886,40.4750939133074,0.0,40.4750939133074
727,GM-404,0.0,0.0,21.51565612558736,0.0,20.323048137166307,2.833333333333333,23.15638147049964
728,GM-405,0.0,0.0,22.929032424800464,0.0,16.175159359597142,0.0,16.175159359597142
729,GM-406,0.0,0.0,9.853466796513214,1.9431260886524269,15.154607364646292,0.0,15.154607364646292
730,GM-407,0.0,0.0,0.0,0.0,3.798570094172494,0.0,3.798570094172494
731,GM-410,0.0,0.0,0.0,20.82142763756957,45.183556082983685,5.666666666666666,50.85022274965035
732,GM-411,0.0,0.0,0.0,12.712644920374023,40.80965708788793,0.0,40.80965708788793
733,GM-412,0.0,0.0,0.0,0.0,1.899285047086247,0.0,1.899285047086247
734,GM-413,0.0,0.0,0.0,3.5559694877867773,2.4640762763188455,0.0,2.4640762763188455
735,GM-414,0.0,0.0,0.0,28.16130285495776,38.73043210587961,0.0,38.73043210587961
736,GM-415,0.0,0.0,0.0,3.6969835140483234,7.212288894034462,0.0,7.212288894034462
737,GM-416,10.286425124690773,0.0,7.279206002089196,72.14349440543822,480.9059817680318,144.05888223552896,624.9648640035608
738,GM-417,25.693921056358732,0.0,5.513214053847246,48.901150787395984,240.02919766013767,242.5508982035928,482.58009586373043
739,GM-418,0.0,0.0,0.0,46.76640556869217,68.88069575570053,0.0,68.88069575570053
740,GM-419,0.0,0.0,0.0,30.716617915081933,24.113564668769715,19.52,43.63356466876972
741,GM-420,0.0,0.0,0.0,38.16772335665473,58.67634069400631,4.88,63.55634069400631
742,GM-421,0.0,0.0,0.0,41.394061320299066,97.25804416403786,29.28,126.53804416403786
743,GM-422,0.0,0.0,0.0,17.134484401130536,28.13249211356467,0.0,28.13249211356467
744,GM-423,0.0,0.0,0.0,13.663293404888469,18.48706624605678,4.88,23.36706624605678
745,GM-424,0.0,0.0,0.0,5.471117077534881,12.056782334384858,0.0,12.056782334384858
746,GM-425,0.0,0.0,25.391930264003904,0.0,23.982637223974763,0.0,23.982637223974763
747,GM-426,0.0,0.0,22.12586920812635,0.0,21.767836567926455,0.0,21.767836567926455
748,GM-427,0.0,0.0,24.732158081025023,0.0,14.206907347491029,0.505759162303665,14.712666509794694
749,GM-428,0.0,0.0,27.714329929556815,0.0,26.735400884544013,5.759565042287555,32.49496592683157
750,GM-429,0.0,0.0,0.0,0.0,5.282175689479061,0.0,5.282175689479061
751,GM-430,0.0,0.0,0.0,0.0,2.7668539325842696,0.0,2.7668539325842696
752,GM-432,0.0,0.0,0.0,0.0,8.150282265913958,0.0,8.150282265913958
753,GM-433,0.0,0.0,0.0,21.89442524664844,21.281292583219777,0.0,21.281292583219777
754,GM-434,0.0,0.0,0.0,0.9896381717026136,0.0,0.0,0.0
755,GM-435,0.0,0.0,0.0,19.712603067082327,14.489390694958148,0.0,14.489390694958148
756,GM-436,0.0,14.073968739294472,0.0,18.080579907479624,35.35183838473495,28.756476683937823,64.10831506867277
757,GM-437,0.0,23.34857144265731,0.0,17.7099681914938,59.81363389248579,12.461139896373057,72.27477378885885
758,GM-438,0.0,15.833293023389452,0.0,5.398175974288572,29.19121662307692,0.9585492227979276,30.14976584587485
759,GM-439,0.0,0.0,0.0,1.82347845487509,60.80298978960927,6.709844559585492,67.51283434919476
760,GM-440,0.0,25.1691522620148,0.0,20.727930422398508,47.45954423914282,5.751295336787565,53.21083957593039
761,GM-441,0.0,12.73394912823511,0.0,1.387817892264124,13.58380377652326,0.0,13.58380377652326
762,GN-398,0.0,0.0,0.3145107724608066,0.0,0.0,0.0,0.0
763,GN-399,0.0,0.0,21.907523707710883,0.0,2.2672402429824206,0.0,2.2672402429824206
764,GN-400,0.0,0.0,24.073391489687467,0.0,10.457719101589337,4.137255063136999,14.594974164726336
765,GN-401,0.0,0.0,22.71232010816299,14.491939002406138,71.71407611193275,2.833333333333333,74.54740944526608
766,GN-402,0.0,0.0,5.184801829816258,0.0,23.211648719839364,2.833333333333333,26.044982053172692
767,GN-403,0.0,0.0,0.0,0.0,2.84892757062937,0.0,2.84892757062937
768,GN-404,0.0,0.0,0.0,0.0,8.347140188344987,2.833333333333333,11.18047352167832
769,GN-405,0.0,0.0,0.0,0.0,2.84892757062937,0.0,2.84892757062937
770,GN-406,0.0,0.0,0.0,0.0,0.9496425235431236,0.0,0.9496425235431236
771,GN-407,0.0,0.0,0.0,0.0,1.899285047086247,0.0,1.899285047086247
772,GN-409,0.0,0.0,0.0,0.0,6.647497664801865,0.0,6.647497664801865
773,GN-410,0.0,0.0,0.0,0.0,72.10639707832443,1.4166666666666663,73.5230637449911
774,GN-411,0.0,0.0,0.0,0.0,6.885860011102887,1.4166666666666663,8.302526677769553
775,GN-412,0.0,0.0,0.0,0.0,1.5144337527757217,0.0,1.5144337527757217
776,GN-413,0.0,0.0,0.0,0.0,0.0,0.0,0.0
777,GN-414,0.0,0.0,0.0,7.245553515357654,6.057735011102887,0.0,6.057735011102887
778,GN-415,0.0,0.0,13.694502524161045,23.509674913967316,152.3015132228071,0.0,152.3015132228071
779,GN-416,0.0,0.0,19.60120010962485,36.641104122423656,612.0401306193606,90.25149700598804,702.2916276253486
780,GN-417,51.39325464546277,0.0,19.177619181679734,144.43366802670477,1095.2451162404539,698.3722523157184,1793.617368556172
781,GN-418,0.0,0.0,20.912899970372937,25.322209245133234,318.4721490239408,76.01033386327504,394.4824828872159
782,GN-419,0.0,0.0,0.0,2.444670676205324,0.0,0.0,0.0
783,GN-420,0.0,0.0,0.0,5.976758913210476,4.822712933753944,4.88,9.702712933753944
784,GN-421,0.0,0.0,0.0,25.25252256279763,65.91041009463723,9.76,75.67041009463723
785,GN-422,0.0,0.0,19.907267432969395,3.809891554632204,29.44492932013933,0.0,29.44492932013933
786,GN-423,0.0,0.0,20.577504475724062,0.0,19.448502842143263,8.92607329842932,28.374576140572586
787,GN-424,0.0,0.0,21.214557077224995,18.98490644125031,54.53219582848654,0.0,54.53219582848654
788,GN-425,0.0,0.0,36.535007887175595,0.0,28.377832417679794,9.76,38.137832417679796
789,GN-426,0.0,0.0,5.689644952750669,0.0,4.024514811031665,0.0,4.024514811031665
790,GN-428,0.0,0.0,0.0,0.0,2.0122574055158324,0.0,2.0122574055158324
791,GN-429,0.0,0.0,0.0,0.0,7.797497446373852,0.0,7.797497446373852
792,GN-432,0.0,0.0,0.0,0.0,12.627412821281165,0.0,12.627412821281165
793,GN-433,0.0,0.0,0.0,9.745104662186016,10.86704302121861,0.0,10.86704302121861
794,GN-434,0.0,15.887705659432442,0.0,13.069015150775652,23.998053338524432,0.0,23.998053338524432
795,GN-435,0.0,24.67943705157959,0.0,22.60569137902217,71.41872587476209,23.963730569948183,95.38245644471029
796,GN-436,0.0,11.204770130359323,0.0,0.0,9.240381424613265,2.8756476683937824,12.116029093007048
797,GN-437,0.0,0.0,0.0,20.78112741193776,22.399314734815285,0.9585492227979276,23.35786395761321
798,GN-438,0.0,0.0,0.0,5.056595193215307,7.244695347479074,0.0,7.244695347479074
799,GN-439,0.0,0.0,0.0,0.0,9.212458431717067,4.792746113989637,14.005204545706704
800,GN-440,0.0,0.0,0.0,24.868887328209247,23.998053338524432,0.0,23.998053338524432
801,GN-441,0.0,11.958142134045344,0.0,0.0,14.942184154175589,0.0,14.942184154175589
802,GN-442,0.0,27.096165141384457,0.0,18.70347363684388,69.27739926026864,0.0,69.27739926026864
803,GN-443,0.0,6.893863935686132,0.0,8.866204382864016,11.504348720700476,2.8756476683937824,14.379996389094256
804,GO-400,0.0,0.0,0.0,0.0,2.84892757062937,0.0,2.84892757062937
805,GO-401,0.0,0.0,0.0,8.002618036575626,12.345352806060609,0.0,12.345352806060609
806,GO-402,0.0,0.0,0.0,10.963615572462896,19.94249299440559,0.0,19.94249299440559
807,GO-403,0.0,0.0,0.0,0.0,14.04499532960373,2.833333333333333,16.87832866293706
808,GO-404,0.0,0.0,0.0,0.0,2.84892757062937,0.0,2.84892757062937
809,GO-405,0.0,0.0,0.0,0.0,3.798570094172494,0.0,3.798570094172494
810,GO-406,0.0,0.0,0.0,0.0,7.597140188344988,0.0,7.597140188344988
811,GO-407,0.0,0.0,0.0,0.0,6.647497664801865,0.0,6.647497664801865
812,GO-409,0.0,0.0,0.0,0.0,0.0,0.0,0.0
813,GO-410,0.0,0.0,0.0,0.0,9.08660251665433,0.0,9.08660251665433
814,GO-411,0.0,0.0,0.0,0.0,4.543301258327165,0.0,4.543301258327165
815,GO-412,0.0,0.0,0.0,0.0,12.115470022205772,0.0,12.115470022205772
816,GO-413,0.0,0.0,0.0,15.011473598510342,8.400293763878608,1.4166666666666663,9.816960430545274
817,GO-414,0.0,0.0,0.0,7.250539629290873,7.572168763878608,0.0,7.572168763878608
818,GO-415,0.0,0.0,0.3602561985707397,53.06643192588081,238.5942241857883,1.4166666666666663,240.01089085245496
819,GO-416,0.0,0.0,38.774710017775604,27.177495854681013,368.19454652649364,105.76996007984032,473.9645066063339
820,GO-417,33.18442618642841,0.0,6.967038833424921,75.30828612747148,728.2255615817098,278.30382678087267,1006.5293883625826
821,GO-418,0.0,0.0,22.237389489988217,3.406761657943662,240.31909271058328,14.540540540540542,254.85963325112382
822,GO-419,0.0,0.0,13.601639018855712,0.0,15.326700618348086,4.88,20.206700618348087
823,GO-420,0.0,0.0,22.108584812353733,0.0,32.868001856010935,0.0,32.868001856010935
824,GO-421,0.0,0.0,22.049635346947042,0.0,30.800968122367834,0.0,30.800968122367834
825,GO-422,0.0,0.0,3.858278634643915,28.658503180398146,24.03753620993546,0.0,24.03753620993546
826,GO-423,0.0,0.0,0.0,0.0,2.058107428779233,2.02303664921466,4.081144077993893
827,GO-424,0.0,0.0,0.0,18.90358472788891,10.31281920326864,0.0,10.31281920326864
828,GO-425,0.0,0.0,0.0,0.0,1.7607252298263536,0.0,1.7607252298263536
829,GO-426,0.0,0.0,21.990858353910674,0.0,10.71304247843456,1.01151832460733,11.724560803041893
830,GO-427,0.0,0.0,0.0,0.0,2.5896673066330105,0.505759162303665,3.0954264689366755
831,GO-428,0.0,0.0,0.0,0.0,1.5091930541368743,0.0,1.5091930541368743
832,GO-429,0.0,0.0,0.0,0.0,17.252879046361016,1.01151832460733,18.264397370968343
833,GO-432,0.0,16.144863095135392,0.0,0.0,22.682552221650823,3.4343759325068497,26.116928154157673
834,GO-433,0.0,24.862406264833048,0.0,13.77346349345249,36.189978650868284,5.751295336787565,41.94127398765585
835,GO-434,0.0,8.582161360713894,0.0,5.476416408444295,11.31983648043605,0.0,11.31983648043605
836,GO-435,0.0,0.0,0.0,18.952503215616748,19.442195753453813,1.917098445595855,21.359294199049668
837,GO-436,0.0,0.0,0.0,13.084368589031934,14.942184154175589,0.0,14.942184154175589
838,GO-437,0.0,0.0,0.0,19.821735437230377,23.221132674561574,6.709844559585492,29.930977234147065
839,GO-438,0.0,0.0,0.0,34.50726357392628,30.91862148125809,6.709844559585492,37.62846604084358
840,GO-439,0.0,0.0,0.0,18.65862317646309,12.43785863203156,0.9585492227979276,13.396407854829487
841,GO-440,0.0,0.0,0.0,34.99815407046168,25.35643371617676,0.0,25.35643371617676
842,GO-441,0.0,0.0,0.0,41.82751538820628,30.141700817295227,13.419689119170984,43.56138993646621
843,GO-442,0.0,0.0,0.0,15.329975952886148,10.86704302121861,0.0,10.86704302121861
844,GO-443,0.0,10.569711495008187,0.0,0.0,14.036597235740706,0.0,14.036597235740706
845,GP-400,0.0,0.0,0.0,0.0,0.9496425235431236,0.0,0.9496425235431236
846,GP-401,0.0,0.0,0.0,15.648602883983234,12.345352806060609,0.0,12.345352806060609
847,GP-402,0.0,0.0,0.0,3.444224181287233,18.043207947319345,0.0,18.043207947319345
848,GP-403,0.0,0.0,0.0,0.0,4.748212617715617,0.0,4.748212617715617
849,GP-406,0.0,0.0,0.0,0.0,1.899285047086247,0.0,1.899285047086247
850,GP-407,0.0,0.0,0.0,0.0,9.496425235431234,0.0,9.496425235431234
851,GP-409,0.0,0.0,0.0,0.0,15.144337527757216,0.0,15.144337527757216
852,GP-410,0.0,0.0,0.0,0.0,0.0,0.0,0.0
853,GP-411,0.0,0.0,0.0,0.0,0.0,0.0,0.0
854,GP-412,0.0,0.0,0.0,9.098641739511336,19.00133003330866,1.4166666666666663,20.41799669997533
855,GP-413,0.0,0.0,0.0,73.67704101269307,46.261137583271655,1.4166666666666663,47.67780424993832
856,GP-414,0.0,0.0,0.0,13.5808809351963,3.028867505551444,0.0,3.028867505551444
857,GP-415,0.0,0.0,0.0,49.8411649030752,166.72952905255366,2.833333333333333,169.562862385887
858,GP-416,0.0,0.0,21.797828580828035,12.68877650640869,566.7382147418782,257.6418089746433,824.3800237165215
859,GP-417,22.204330600345187,0.0,0.0,60.43131783274565,634.4136789566404,126.19054523087738,760.6042241875177
860,GP-418,0.0,0.0,32.868657322769025,54.75747129906487,588.6412160084348,0.0,588.6412160084348
861,GP-419,0.0,0.0,11.506763727220578,0.0,51.93748469064023,0.0,51.93748469064023
862,GP-420,0.0,0.0,0.0,5.253779498211902,7.294433094994893,0.0,7.294433094994893
863,GP-421,0.0,0.0,0.0,2.394148171800113,4.276046986721144,0.0,4.276046986721144
864,GP-422,0.0,0.0,0.0,23.505588658401813,16.09805924412666,0.0,16.09805924412666
865,GP-424,0.0,0.0,0.0,19.235981319119016,21.20562011669136,45.01256544502618,66.21818556171755
866,GP-426,0.0,0.0,22.23456658459722,0.0,8.300561797752808,0.0,8.300561797752808
867,GP-428,0.0,0.0,0.0,0.0,2.0122574055158324,0.0,2.0122574055158324
868,GP-429,0.0,0.0,0.0,0.0,7.797497446373852,0.0,7.797497446373852
869,GP-430,0.0,21.50995248274772,0.0,6.13633087443768,14.16014738834905,0.505759162303665,14.665906550652714
870,GP-431,0.0,24.44129662291886,0.0,0.0,13.805774136446528,1.5172774869109948,15.323051623357523
871,GP-432,0.0,8.562348462087058,0.0,19.875906958824736,4.927802437576543,1.01151832460733,5.939320762183873
872,GP-433,0.0,0.0,0.0,3.116685924826128,19.16760481897142,0.0,19.16760481897142
873,GP-434,0.0,0.0,0.0,24.689741182801463,36.19555374449917,1.917098445595855,38.11265219009503
874,GP-435,0.0,0.0,0.0,26.838147766290422,44.82655246252676,0.0,44.82655246252676
875,GP-436,0.0,0.0,0.0,23.875864440480477,29.347805870445143,5.751295336787565,35.09910120723271
876,GP-438,0.0,0.0,0.0,35.7444501183429,26.843480348301107,6.709844559585492,33.5533249078866
877,GP-440,0.0,0.0,0.0,8.442563621415875,6.339108429044189,0.0,6.339108429044189
878,GP-441,0.0,0.0,0.0,32.630999383027564,29.40365185623754,1.917098445595855,31.3207503018334
879,GP-442,0.0,0.0,0.0,22.65184695550964,15.154619387336211,0.9585492227979276,16.11316861013414
880,GP-443,0.0,0.0,0.0,31.28581074889321,27.56455502647157,3.83419689119171,31.39875191766328
881,GP-444,0.0,0.0,0.0,6.225661086290632,7.244695347479074,0.0,7.244695347479074
882,GQ-399,0.0,0.0,0.0,0.0,0.0,0.0,0.0
883,GQ-400,0.0,0.0,0.0,0.0,2.84892757062937,0.0,2.84892757062937
884,GQ-401,0.0,0.0,0.0,24.43564109941844,33.23748832400932,0.0,33.23748832400932
885,GQ-402,0.0,0.0,0.0,3.890656084630327,2.84892757062937,0.0,2.84892757062937
886,GQ-403,0.0,0.0,0.0,0.0,0.0,0.0,0.0
887,GQ-404,0.0,0.0,0.0,0.0,0.0,0.0,0.0
888,GQ-405,0.0,0.0,0.0,0.0,0.0,0.0,0.0
889,GQ-406,0.0,0.0,0.0,0.0,0.0,0.0,0.0
890,GQ-407,0.0,0.0,0.0,0.0,0.0,0.0,0.0
891,GQ-408,0.0,0.0,0.0,0.0,4.928152552637691,0.0,4.928152552637691
892,GQ-409,0.0,0.0,0.0,0.0,4.543301258327165,0.0,4.543301258327165
893,GQ-410,0.0,0.0,0.0,0.0,0.0,0.0,0.0
894,GQ-411,0.0,0.0,0.0,0.0585364359401331,0.0,0.0,0.0
895,GQ-412,0.0,0.0,0.0,72.59944765229912,131.00552026967972,0.0,131.00552026967972
896,GQ-413,0.0,0.0,0.0,73.12602861191579,157.49344907068914,0.0,157.49344907068914
897,GQ-414,0.0,0.0,0.0,70.99401039172197,128.90463276052589,0.0,128.90463276052589
898,GQ-415,0.0,0.0,0.0,31.733510137703902,28.371565044411547,7.083333333333334,35.45489837774488
899,GQ-416,0.0,0.0,42.929286285578286,58.971943941245605,549.1310584319174,114.22222222222223,663.3532806541396
900,GQ-417,22.31266331458819,0.0,20.19411427472072,28.328586586170964,433.48203702640035,55.196212820174864,488.67824984657517
901,GQ-418,0.0,0.0,23.39247563131257,8.421055460547516,281.50708003985517,34.85053380782918,316.3576138476844
902,GQ-419,0.0,0.0,0.0,22.403113049703506,105.29185944568746,7.480519480519481,112.77237892620695
903,GQ-420,0.0,0.0,0.0,15.936882014040275,12.86871774859885,0.0,12.86871774859885
904,GQ-421,0.0,0.0,0.0,20.008460054767788,10.31281920326864,0.0,10.31281920326864
905,GQ-422,0.0,0.0,0.0,0.0,6.202817812812518,4.551832460732984,10.754650273545504
906,GQ-423,0.0,0.0,0.0,0.0,34.05475723170882,12.643979057591624,46.69873628930044
907,GQ-424,0.0,0.0,0.0,19.40810110543771,6.614182117664675,0.505759162303665,7.11994127996834
908,GQ-426,0.0,0.0,16.856224008793838,0.0,7.797497446373852,0.0,7.797497446373852
909,GQ-427,0.0,13.231829051749564,6.512629353970917,2.766533917839124,13.33120531154239,0.0,13.33120531154239
910,GQ-428,0.0,23.6465302816416,0.0,0.0,14.308838487825488,1.5172774869109948,15.826115974736483
911,GQ-429,0.0,23.659843074357617,0.0,0.0,13.805774136446528,1.5172774869109948,15.323051623357523
912,GQ-430,0.0,2.357552989349138,0.0,0.5461681501371787,1.835070779564573,0.505759162303665,2.340829941868239
913,GQ-431,0.0,0.0,0.0,18.72707217593815,8.12337517180155,0.505759162303665,8.629134334105215
914,GQ-432,0.0,0.0,0.0,0.7570651576211178,0.3258777254276989,0.505759162303665,0.831636887731364
915,GQ-433,0.0,0.0,0.0,0.0,20.209515273584397,1.4643083851015928,21.673823658685993
916,GQ-434,0.0,0.0,0.0,0.0,17.658944909480244,0.0,17.658944909480244
917,GQ-435,0.0,0.0,0.0,19.147126402511194,26.658968108036685,3.83419689119171,30.493164999228394
918,GQ-440,0.0,0.0,0.0,27.423393871827127,28.01734848568901,3.83419689119171,31.85154537688072
919,GQ-441,0.0,0.0,0.0,36.775082388125085,30.762032233889865,1.917098445595855,32.67913067948572
920,GQ-442,0.0,0.0,0.0,13.928741292513887,9.268304417509464,0.9585492227979276,10.226853640307391
921,GQ-443,0.0,0.0,0.0,25.636065934322787,28.73842316385948,0.9585492227979276,29.696972386657404
922,GQ-444,0.0,0.0,0.0,11.738821008472854,14.802569189694596,9.585492227979271,24.388061417673867
923,GR-400,0.0,0.0,0.0,3.127472510666366,5.69785514125874,0.0,5.69785514125874
924,GR-401,0.0,0.0,0.0,15.877552325830052,30.388560753379952,0.0,30.388560753379952
925,GR-402,0.0,0.0,0.0,0.0,0.0,0.0,0.0
926,GR-403,0.0,0.0,0.0,0.0,0.0,0.0,0.0
927,GR-404,0.0,0.0,0.0,0.0,0.9496425235431236,0.0,0.9496425235431236
928,GR-405,0.0,0.0,0.0,0.0,0.0,0.0,0.0
929,GR-406,0.0,0.0,0.0,0.0,0.0,0.0,0.0
930,GR-407,0.0,0.0,0.0,0.0,0.0,0.0,0.0
931,GR-408,0.0,0.0,0.0,0.0,0.0,0.0,0.0
932,GR-409,0.0,0.0,0.0,0.0,0.0,0.0,0.0
933,GR-411,0.0,0.0,0.0,1.879053121208571,0.0,0.0,0.0
934,GR-412,0.0,0.0,0.0,22.858865211613697,34.29215650907538,0.0,34.29215650907538
935,GR-413,0.0,0.0,0.0,57.78432954336353,101.18126272912424,6.666666666666667,107.8479293957909
936,GR-414,0.0,0.0,0.0,42.73356031762915,92.42052770087331,1.4166666666666663,93.83719436753998
937,GR-415,0.0,0.0,20.695457015018828,51.02431841312496,243.7549310752313,66.58333333333333,310.33826440856467
938,GR-416,0.0,0.0,50.69738116867279,72.8307234313926,608.6697280245486,61.26752289924333,669.9372509237919
939,GR-417,22.313889477084317,0.0,36.491558745804554,136.1600997398794,1396.3892911287694,797.0147181582532,2193.4040092870227
940,GR-418,0.0,0.0,22.05494313501662,109.24961447532893,874.4406415362332,211.80584184498775,1086.246483381221
941,GR-419,0.0,0.0,0.0,1.7706172360281809,12.61274014155713,22.44155844155844,35.05429858311557
942,GR-420,0.0,0.0,0.0,0.0,0.251532175689479,0.0,0.251532175689479
943,GR-421,0.0,0.0,0.0,20.6531343543516,5.328025712742461,2.02303664921466,7.351062361957121
944,GR-422,0.0,0.0,0.0,7.615703807631659,97.77810031606136,110.7612565445026,208.539356860564
945,GR-423,0.0,0.0,0.0,0.0,28.33400761542123,40.4607329842932,68.79474059971443
946,GR-424,0.0,4.943203807778355,0.0,9.290055704904772,6.288304392236976,0.0,6.288304392236976
947,GR-425,0.0,23.673955273194416,0.0,11.130608302019663,25.99587248447769,39.954973821989526,65.95084630646721
948,GR-426,0.0,23.650751225891387,0.0,0.0,12.073544433094996,0.0,12.073544433094996
949,GR-427,0.0,10.436050957899882,2.378078825107039,8.903961706205084,13.954465235922967,2.5287958115183247,16.483261047441292
950,GR-428,0.0,0.0,0.0,10.337481429943026,13.82312863323511,5.057591623036649,18.88072025627176
951,GR-429,0.0,0.0,0.0,3.4942131664861207,6.865714293354154,0.505759162303665,7.371473455657819
952,GR-430,0.0,0.0,0.0,26.8611644600921,19.310986475140247,3.0345549738219897,22.34554144896224
953,GR-431,0.0,0.0,0.0,23.55941947409976,16.498282519292577,1.01151832460733,17.509800843899907
954,GR-433,0.0,0.0,0.0,0.0,16.060206305771093,0.9585492227979276,17.01875552856902
955,GR-435,0.0,0.0,0.0,0.1375849099662973,1.8111738368697683,0.0,1.8111738368697683
956,GR-436,0.0,0.0,0.0,26.92517658461152,23.970130345628235,1.917098445595855,25.88722879122409
957,GR-440,0.0,0.0,0.0,8.534856775579712,5.433521510609305,0.0,5.433521510609305
958,GR-441,0.0,0.0,0.0,6.310601381570935,2.2639672960872104,0.0,2.2639672960872104
959,GR-442,0.0,0.0,0.0,17.810409770999694,10.86704302121861,0.0,10.86704302121861
960,GR-443,0.0,0.0,0.0,11.690618742331676,12.62237087229598,3.83419689119171,16.45656776348769
961,GS-400,0.0,0.0,0.0,18.603557930957024,8.546782711888111,0.0,8.546782711888111
962,GS-401,0.0,0.0,0.0,0.0,0.0,0.0,0.0
963,GS-402,0.0,0.0,0.0,0.0,7.597140188344988,0.0,7.597140188344988
964,GS-403,0.0,0.0,0.0,0.0,0.0,0.0,0.0
965,GS-404,0.0,0.0,0.0,0.0,0.0,0.0,0.0
966,GS-405,0.0,0.0,0.0,0.0,0.0,0.0,0.0
967,GS-406,0.0,0.0,0.0,0.0,0.0,0.0,0.0
968,GS-407,0.0,0.0,0.0,0.0,0.0,0.0,0.0
969,GS-408,0.0,0.0,0.0,0.0,0.0,0.0,0.0
970,GS-409,0.0,0.0,0.0,0.0,0.0,0.0,0.0
971,GS-410,0.0,0.0,0.0,0.0,0.0,0.0,0.0
972,GS-411,0.0,0.0,0.0,0.0,0.0,0.0,0.0
973,GS-412,0.0,0.0,0.0,0.0,58.96282034744752,0.0,58.96282034744752
974,GS-413,0.0,0.0,11.639764816076005,87.74688302238678,528.9719959266802,9.333333333333334,538.3053292600137
975,GS-414,0.0,0.0,21.91023991173261,7.681364407734281,186.97164876874652,0.7272727272727273,187.69892149601927
976,GS-415,0.0,0.0,29.58983811314171,0.5978157214195435,1871.601186489372,79.6891495601173,1951.2903360494895
977,GS-416,0.0,0.0,0.0,13.795170884270483,199.3068801248727,74.22262046993231,273.529500594805
978,GS-417,23.530097395945617,0.0,52.52071473010626,103.08893025546976,1599.694218263011,696.518066047129,2296.21228431014
979,GS-418,0.0,0.0,8.893074560529136,128.03077882124916,670.9741276521195,14.961038961038962,685.9351666131585
980,GS-419,0.0,0.0,0.0,13.91008860642256,36.43680485338726,7.480519480519481,43.91732433390674
981,GS-420,0.0,0.0,0.0,0.0,4.024514811031665,0.0,4.024514811031665
982,GS-421,0.0,0.0,0.0,7.28612839078988,35.18624228450646,19.520589085536248,54.70683137004271
983,GS-422,0.0,19.850333890469607,0.0,44.46661103452001,207.59604083680938,67.74600905791283,275.3420498947222
984,GS-423,0.0,23.656549644891605,0.0,0.0,34.26043938413489,10.620942408376964,44.88138179251185
985,GS-424,0.0,18.761404406939818,0.0,0.0,17.858784473953012,0.0,17.858784473953012
986,GS-425,0.0,0.0,0.0,29.226870615320124,12.576608784473953,0.0,12.576608784473953
987,GS-426,0.0,0.0,0.0,22.292360145594632,7.368778644733112,0.505759162303665,7.874537807036777
988,GS-428,0.0,0.0,0.0,47.7090636147729,16.344663857232245,13.655497382198954,30.0001612394312
989,GS-429,0.0,0.0,0.0,32.72393562746288,15.137780564632145,2.02303664921466,17.160817213846805
990,GS-430,0.0,0.0,0.0,15.771201090826708,5.076493537052983,2.02303664921466,7.099530186267643
991,GS-431,0.0,0.0,0.0,3.37694646929136,0.0,0.0,0.0
992,GS-436,0.0,0.0,0.0,6.456886354931139,3.622347673739537,0.0,3.622347673739537
993,GT-400,0.0,0.0,0.0,6.135496440311478,6.647497664801865,0.0,6.647497664801865
994,GT-401,0.0,0.0,0.0,0.0,26.874883427591016,0.0,26.874883427591016
995,GT-402,0.0,0.0,0.0,0.0,28.546521901497265,0.0,28.546521901497265
996,GT-403,0.0,0.0,0.0,0.0,0.0,0.0,0.0
997,GT-404,0.0,0.0,0.0,0.0,1.899285047086247,0.0,1.899285047086247
998,GT-405,0.0,0.0,0.0,0.0,0.0,0.0,0.0
999,GT-406,0.0,0.0,0.0,0.0,0.0,0.0,0.0
1000,GT-407,0.0,0.0,0.0,0.0,0.0,0.0,0.0
1001,GT-408,0.0,0.0,0.0,0.0,10.246425235431234,2.833333333333333,13.079758568764568
1002,GT-409,0.0,0.0,0.0,0.0,0.0,0.0,0.0
1003,GT-410,0.0,0.0,0.0,0.0,0.0,0.0,0.0
1004,GT-411,0.0,0.0,0.0,0.0,0.0,0.0,0.0
1005,GT-412,0.0,0.0,0.0,41.077044080117055,368.8007606703193,39.43529411764706,408.23605478796634
1006,GT-413,0.0,0.0,32.01785123862953,184.60148448777602,1692.7633638787424,92.69170437405732,1785.4550682528
1007,GT-414,0.0,0.0,34.11305641479629,185.97577999375406,1757.799528171149,5.91958041958042,1763.7191085907293
1008,GT-415,0.0,0.0,44.84359317366359,246.87460247121732,2254.859730745641,177.449853372434,2432.3095841180752
1009,GT-416,0.0,0.0,25.242542987795424,181.35688510015748,1161.2978992795395,7803.447350671132,8964.74524995067
1010,GT-417,22.873549944641592,0.0,24.162129372613695,70.71880531373593,1401.717117330485,488.7351996868735,1890.4523170173586
1011,GT-418,0.0,0.0,0.0,42.61923369565957,439.22049146832774,55.87949369471108,495.09998516303887
1012,GT-419,0.0,23.871055816623098,0.907966851332341,35.08354884497843,616.6344085827875,202.68251533742333,819.3169239202108
1013,GT-420,0.0,41.90841851326255,4.728031298062975,22.04143713175292,543.067960651576,103.6840490797546,646.7520097313305
1014,GT-421,0.0,21.68512380470417,0.0,22.60785584229408,656.8029918752875,27.28527607361963,684.0882679489072
1015,GT-422,0.0,2.993791290211399,0.0,6.689754279977831,155.29388920789387,3.638036809815951,158.93192601770983
1016,GT-423,0.0,0.0,0.0,0.0,9.85689077967153,24.27643979057592,34.13333057024745
1017,GT-424,0.0,0.0,0.0,0.0,18.17609297873137,50.07015706806283,68.24625004679419
1018,GT-425,0.0,0.0,0.0,20.94783178205609,8.215075218328352,4.551832460732984,12.766907679061337
1019,GT-426,0.0,0.0,0.0,22.57501899390215,11.822012257405516,0.0,11.822012257405516
1020,GT-427,0.0,0.0,0.0,43.48615698744029,21.10020723144142,1.5172774869109948,22.61748471835241
1021,GT-428,0.0,0.0,0.0,3.4703230859158145,2.7668539325842696,0.0,2.7668539325842696
1022,GT-429,0.0,0.0,0.0,12.806713617679671,7.265937568520074,1.5172774869109948,8.783215055431068
1023,GU-401,0.0,0.0,0.0,0.0,2.800937525483031,0.0,2.800937525483031
1024,GU-402,0.0,0.0,0.0,0.0,0.1510333138135271,0.0,0.1510333138135271
1025,GU-403,0.0,0.0,0.0,0.0,1.899285047086247,0.0,1.899285047086247
1026,GU-404,0.0,0.0,0.0,0.0,2.517221796866712,0.0,2.517221796866712
1027,GU-405,0.0,0.0,0.0,0.0,0.0,0.0,0.0
1028,GU-406,0.0,0.0,0.0,0.0,3.798570094172494,0.0,3.798570094172494
1029,GU-407,0.0,0.0,0.0,0.0,7.597140188344988,0.0,7.597140188344988
1030,GU-408,0.0,0.0,37.28676219983673,18.298511444982005,9.496425235431234,0.0,9.496425235431234
1031,GU-409,0.0,0.0,22.835566013005746,0.0,0.9496425235431236,0.0,0.9496425235431236
1032,GU-410,0.0,0.0,0.0,3.630409140841936,1.984743411927878,0.0,1.984743411927878
1033,GU-411,0.0,0.0,0.0,11.45407800846049,23.54142056503496,2.833333333333333,26.374753898368294
1034,GU-412,0.0,0.0,0.0,28.077814360912047,114.7869381056764,29.57647058823529,144.36340869391168
1035,GU-413,0.0,0.0,8.196264658368701,103.85025307444205,1037.6277064639498,279.2159349394643,1316.843641403414
1036,GU-414,0.0,0.0,49.32674097842674,183.3838869676639,2185.9851399610134,1308.0938933323225,3494.0790332933357
1037,GU-415,0.0,0.0,38.858387333766096,226.70457337223218,3693.209335558592,1226.2148731839447,4919.424208742537
1038,GU-416,0.0,0.0,69.98761502954025,295.1822378294201,3705.8680264365744,1117.1559778171375,4823.024004253712
1039,GU-417,23.06554388441171,56.8813901506822,47.193962943720656,192.6469394035244,2375.5950703350954,1982.7647811365468,4358.359851471641
1040,GU-418,0.0,47.95403138692243,26.869717508132176,122.62799967310562,2066.6596629598216,697.8546371625026,2764.514300122324
1041,GU-419,0.0,24.969562504748303,55.13718448747145,125.42101978104417,1869.4048907667766,203.63820616714722,2073.043096933924
1042,GU-420,0.0,0.0,16.574211475234858,157.98600633678325,729.9633482913925,152.79754601226995,882.7608943036626
1043,GU-421,0.0,0.0,0.0,29.08591544975675,17.018701367460114,4.551832460732984,21.5705338281931
1044,GU-422,0.0,0.0,0.0,15.608294956495884,9.884100401627904,0.505759162303665,10.38985956393157
1045,GU-426,0.0,0.0,0.0,26.283367933468984,8.775130622656947,1.5172774869109948,10.292408109567942
1046,GU-427,0.0,0.0,0.0,29.553802266243714,13.67443753375867,4.04607329842932,17.72051083218799
1047,GU-428,0.0,0.0,0.0,2.117931112901699,3.2872727807518087,3.5403141361256547,6.827586916877463
1048,GV-402,0.0,0.0,0.0,0.0,0.7551665690676358,0.0,0.7551665690676358
1049,GV-403,0.0,0.0,0.0,0.0,4.530999234360081,0.0,4.530999234360081
1050,GV-404,0.0,0.0,0.0,0.0,0.5034443593733424,0.0,0.5034443593733424
1051,GV-405,0.0,0.0,0.0,0.0,1.0068887187466848,0.0,1.0068887187466848
1052,GV-406,0.0,0.0,0.0,0.0,0.5034443593733424,0.0,0.5034443593733424
1053,GV-407,0.0,0.0,0.0,0.0,9.496425235431234,0.0,9.496425235431234
1054,GV-408,0.0,0.0,27.62239452840344,6.302936726884953,6.201299500632083,0.0,6.201299500632083
1055,GV-409,0.0,0.0,7.151614624947476,3.434733684911074,7.85351528286988,0.0,7.85351528286988
1056,GV-410,0.0,0.0,21.97184437712369,69.564972722921,100.1371705963939,2.0666666666666664,102.20383726306056
1057,GV-411,0.0,0.0,0.0,49.9919941841753,220.92392829845622,0.0,220.92392829845622
1058,GV-412,0.0,0.0,0.0,31.84941189026214,397.38426952712086,64.08235294117648,461.4666224682973
1059,GV-413,0.0,0.0,6.2690007337332645,74.93731968455971,777.3983163968879,28.280763116057237,805.6790795129452
1060,GV-414,0.0,0.0,60.83723122493862,177.8244508762775,2365.3804765723835,702.3817723461243,3067.762248918508
1061,GV-415,0.0,31.966250920688502,64.80160181518778,163.84688509323263,2297.720006833506,1810.6629046725884,4108.382911506094
1062,GV-416,0.0,89.00067218712952,32.52214288022345,107.63447743132082,1355.0633341027317,2583.6132359910234,3938.676570093755
1063,GV-417,0.0,18.52303034295182,0.0,34.01303093314138,282.5842638384914,1353.8809980806143,1636.4652619191056
1064,GV-418,0.0,0.0,5.617376165737046,61.038893311659564,354.1550195538721,90.92654469763366,445.0815642515057
1065,GV-419,0.0,0.0,0.0,86.44638414187582,45.60344827586207,0.0,45.60344827586207
1066,GV-420,0.0,0.0,0.0,0.0586006109135955,2.726993865030675,1.8190184049079756,4.54601226993865
1067,GV-421,0.0,0.0,0.0,13.170124660182264,9.267053944349666,6.574869109947644,15.84192305429731
1068,GV-422,0.0,0.0,0.0,27.107808730178213,14.131651861874229,2.02303664921466,16.154688511088885
1069,GV-423,0.0,0.0,0.0,16.58203330508755,17.07569242040976,1.5172774869109948,18.592969907320757
1070,GV-424,0.0,0.0,0.0,0.0,7.545965270684372,0.0,7.545965270684372
1071,GV-425,0.0,0.0,0.0,0.0,0.0,0.0,0.0
1072,GW-401,0.0,0.0,0.0,0.0,2.517221796866712,0.0,2.517221796866712
1073,GW-402,0.0,0.0,0.0,0.0,12.37626851705097,3.990147783251232,16.366416300302202
1074,GW-403,0.0,0.0,0.0,0.0,3.524110515613397,0.0,3.524110515613397
1075,GW-404,0.0,0.0,0.0,0.0,2.517221796866712,0.0,2.517221796866712
1076,GW-405,0.0,0.0,0.0,0.0,4.027554874986739,0.0,4.027554874986739
1077,GW-406,0.0,0.0,0.0,0.0,0.5034443593733424,0.0,0.5034443593733424
1078,GW-407,0.0,0.0,23.72967455352755,0.0,44.142963963950855,5.666666666666666,49.80963063061752
1079,GW-408,0.0,0.0,3.900011009571718,0.0,2.517221796866712,0.0,2.517221796866712
1080,GW-409,0.0,0.0,0.0,53.1984255914782,7.938973647711512,0.0,7.938973647711512
1081,GW-410,0.0,0.0,15.185497671831936,109.2946889809302,271.9098474341193,0.0,271.9098474341193
1082,GW-411,0.0,0.0,28.998786818070677,16.074742267620984,223.6516744254176,9.533333333333331,233.18500775875094
1083,GW-412,0.0,0.0,21.86754632293093,31.671598597833906,360.67416028319917,156.4549019607843,517.1290622439835
1084,GW-413,0.0,2.737064672232905,16.08977278652097,100.3907869465549,701.5648322927279,2929.032258064516,3630.5970903572443
1085,GW-414,0.0,54.836888728314776,76.74917734377576,148.16323083977878,2206.854350894472,1289.7834306608852,3496.6377815553574
1086,GW-415,0.0,23.733821274070753,26.667307752903824,65.8295441694457,667.0026612173727,2145.3567977518387,2812.359458969211
1087,GW-416,0.0,55.09652739378844,0.0,16.097517069793494,70.81704992407217,103.05710814094776,173.8741580650199
1088,GW-423,0.0,0.0,0.0,0.0,3.0183861082737486,0.0,3.0183861082737486
1089,GX-403,0.0,0.0,0.0,0.0,18.123996937440324,0.0,18.123996937440324
1090,GX-404,0.0,0.0,0.0,4.472390089145327,3.524110515613397,0.0,3.524110515613397
1091,GX-405,0.0,0.0,0.0,0.0,3.524110515613397,0.0,3.524110515613397
1092,GX-406,0.0,0.0,9.580828224304192,0.0,11.872824157677629,3.990147783251232,15.86297194092886
1093,GX-407,0.0,0.0,17.45872256560243,0.0,8.558554109346822,0.0,8.558554109346822
1094,GX-408,0.0,0.0,0.0,0.0,0.0,0.0,0.0
1095,GX-409,0.0,0.0,0.0,80.01709076823198,102.4119690748548,0.0,102.4119690748548
1096,GX-410,0.0,0.0,0.0,98.01058416301862,519.5098446876588,2.0666666666666664,521.5765113543254
1097,GX-411,0.0,5.159202451075224,21.127836681434367,36.2347499993091,236.55377032889584,11.808465608465607,248.36223593736145
1098,GX-412,0.0,59.52155563350642,0.0,8.450091248291297,98.52104324858664,128.1989417989418,226.71998504752844
1099,GX-413,0.0,57.90332769662726,0.0,34.229219902702646,401.8936510652862,439.3548387096774,841.2484897749636
1100,GX-414,0.0,0.0,29.148327015975692,157.5182124618741,1644.66423471429,310.5524856040995,1955.2167203183894
1101,GX-415,0.0,60.609600915103975,34.168684433142666,31.371268535217737,284.11069402800746,287.7010935601458,571.8117875881533
1102,GX-416,0.0,6.23408325173048,0.0,0.1510769638893004,6.140382862351869,0.0,6.140382862351869
1103,GY-403,0.0,0.0,0.0,0.0,5.537887953106766,0.0,5.537887953106766
1104,GY-404,0.0,0.0,0.0,28.23521583102028,25.465821860757877,3.990147783251232,29.455969644009105
1105,GY-406,0.0,0.0,23.882497109238457,3.696403239040506,16.90726775141105,3.990147783251232,20.897415534662283
1106,GY-407,0.0,0.0,0.0,0.0,1.0068887187466848,0.0,1.0068887187466848
1107,GY-408,0.0,0.0,0.0,0.0,0.0,0.0,0.0
1108,GY-409,0.0,0.0,0.0,85.57846984374018,92.48726328943573,0.0,92.48726328943573
1109,GY-410,0.0,20.738490338157057,0.0,77.0610077031845,272.6534639737684,6.355555555555556,279.00901952932395
1110,GY-411,0.0,21.49102453322734,19.86280865609947,20.696566787715934,165.39995139079443,184.48009487319834,349.88004626399277
1111,GY-412,0.0,0.0,0.0,64.36926385902154,145.57553901039245,22.75132275132275,168.3268617617152
1112,GY-413,0.0,0.0,0.0,5.142334590179251,44.50473088258104,18.2010582010582,62.705789083639246
1113,GY-414,0.0,52.42817825379339,10.098503393113132,35.333919482435604,310.4608481870161,11.375661375661377,321.83650956267746
1114,GY-415,0.0,15.510607992867625,0.1684264065607146,19.432681111126122,114.19580608073302,17.176184690157957,131.371990770891
1115,GZ-402,0.0,0.0,0.0,21.75141883724745,15.103330781200272,0.0,15.103330781200272
1116,GZ-403,0.0,0.0,0.0,18.860716421299763,22.151551812427066,0.0,22.151551812427066
1117,GZ-404,0.0,0.0,0.0,36.12229554610694,65.44776671853451,0.0,65.44776671853451
1118,GZ-405,0.0,0.0,0.440348002643498,21.581316001650496,20.43137826702445,3.990147783251232,24.42152605027568
1119,GZ-406,0.0,0.0,24.789980169889837,13.700063606619576,22.65499617180041,0.0,22.65499617180041
1120,GZ-407,0.0,0.0,0.0,0.0,0.0,0.0,0.0
1121,GZ-408,0.0,0.0,0.0,4.974870758405384,12.229466571005592,1.995073891625616,14.224540462631207
1122,GZ-409,0.0,16.479423605600736,0.0,37.4165106563717,110.01527021908782,3.990147783251232,114.00541800233906
1123,GZ-410,0.0,10.741598411987727,0.0,3.776820912115272,70.91421205303593,7.980295566502463,78.89450761953839
1124,GZ-411,0.0,0.0,23.39903145577898,25.768258936210685,77.02108784731682,7.980295566502463,85.00138341381928
1125,GZ-412,0.0,7.846816353502477,0.0,0.0,12.728013029315962,0.0,12.728013029315962
1126,GZ-413,0.0,64.90110594057494,0.0,11.470893066715954,124.45742205677058,27.3015873015873,151.75900935835787
1127,GZ-414,0.0,9.059269258117924,0.0,23.65419929989678,112.38746703893284,18.2010582010582,130.58852523999104
1128,GZ-415,0.0,0.0,0.0,30.74649864292644,58.23274391189701,65.97883597883597,124.211579890733
1129,GZ-416,0.0,0.0,0.0,0.5497076729152944,0.8485342019543974,0.0,0.8485342019543974
1130,HA-402,0.0,0.0,0.0,8.470627314076946,8.055109749973479,0.0,8.055109749973479
1131,HA-403,0.0,0.0,0.0,20.25074717800806,27.83624171157921,1.995073891625616,29.831315603204825
1132,HA-404,0.0,0.0,0.0,0.0,18.060958416203118,5.985221674876847,24.04618009107996
1133,HA-405,0.0,0.0,29.44375252460299,16.558663867354394,45.12087677988919,17.95566502463054,63.07654180451973
1134,HA-406,0.0,0.0,0.0,5.968766043583908,23.305242477219128,1.995073891625616,25.300316368844744
1135,HA-407,0.0,19.3704273244744,0.0,64.10325180613356,125.92326455404849,41.89655172413793,167.8198162781864
1136,HA-408,0.0,22.49901247322432,0.0,68.9010830549953,123.19620228989916,45.88669950738916,169.08290179728832
1137,HA-409,0.0,15.492078618299615,0.0,6.8755209330363645,43.73662074424357,5.985221674876847,49.72184241912042
1138,HA-410,0.0,0.0,0.0,37.07180524854663,31.360352227192607,1.995073891625616,33.35542611881822
1139,HA-411,0.0,0.0,17.50531230919628,6.522468707858683,36.048704742603384,11.970443349753694,48.01914809235707
1140,HA-412,0.0,63.25887312431953,4.62034451462841,0.0,74.20342795098496,18.2010582010582,92.40448615204316
1141,HA-415,0.0,0.0,0.0,0.0,20.36482084690553,0.0,20.36482084690553
1142,HA-416,0.0,0.0,0.0,0.0,1.6970684039087949,0.0,1.6970684039087949
1143,HB-403,0.0,10.51505942634276,0.0,19.75658934291828,35.89135146155269,1.995073891625616,37.8864253531783
1144,HB-404,0.0,23.07406577749081,0.0,22.74286664078744,69.91572743165739,5.985221674876847,75.90094910653423
1145,HB-405,0.0,22.47351981879841,27.34922882201829,17.80904851710057,102.21992985635949,13.96551724137931,116.18544709773876
1146,HB-406,0.0,22.76598851677342,0.0,36.32620972407876,84.57865237472153,0.0,84.57865237472153
1147,HB-407,0.0,6.577218062495987,0.0,90.974167856669,112.51938241467984,23.940886699507388,136.46026911418724
1148,HB-408,0.0,0.0,0.0,44.3321544454903,56.21737758967367,31.92118226600985,88.13855985568352
1149,HB-409,0.0,0.0,0.0,0.0,0.5034443593733424,0.0,0.5034443593733424
1150,HB-410,0.0,0.0,0.0,46.789893072653626,31.863796586565947,1.995073891625616,33.85887047819156
1151,HB-412,0.0,58.78334234918262,7.669875471039119,7.1838683307017535,68.09040498962848,118.16548075168765,186.2558857413161
1152,HC-403,0.0,5.608514006843525,0.0,23.92156325919007,33.227327718640595,0.0,33.227327718640595
1153,HC-404,0.0,0.0,0.0,3.8640681424525143,63.93743364041449,0.0,63.93743364041449
1154,HC-405,0.0,0.0,22.01221997714112,3.6058950620244334,142.76835759474665,3.990147783251232,146.7585053779979
1155,HC-406,0.0,0.0,0.0,31.313133410894743,41.78588182798742,0.0,41.78588182798742
1156,HC-407,0.0,0.0,0.0,10.667898592360842,2.0137774374933697,0.0,2.0137774374933697
1157,HC-408,0.0,0.0,0.0,19.207323198382845,25.17221796866712,0.0,25.17221796866712
1158,HC-409,0.0,0.0,0.0,5.195593192617992,4.459008579599619,0.0,4.459008579599619
1159,HC-410,0.0,0.0,0.0,36.533978388592786,45.51487540948466,21.945812807881776,67.46068821736644
1160,HC-411,0.0,51.30732054098915,0.0,18.413399054711352,58.504531428718195,6.668113884946147,65.17264531366433
1161,HC-412,0.0,4.779876545304628,0.0,0.0,1.3995976089467874,2.275132275132275,3.6747298840790625
1162,HD-403,0.0,0.0,0.0,9.607291537543936,15.606775140573614,0.0,15.606775140573614
1163,HD-404,0.0,0.0,0.0,18.634891050635066,43.799659265480784,0.0,43.799659265480784
1164,HD-405,0.0,0.0,22.122120264371883,15.14022083167237,114.70068670178956,39.90147783251232,154.60216453430186
1165,HD-406,0.0,0.0,0.0,17.840985858354713,21.086874480292053,0.0,21.086874480292053
1166,HD-407,0.0,0.0,0.0,41.39165227379558,61.534808622424634,0.0,61.534808622424634
1167,HD-408,0.0,0.0,0.0,44.33316083905279,67.33740616092798,3.990147783251232,71.32755394417921
1168,HD-409,0.0,0.0,0.0,32.32209573238393,49.85470339538313,0.0,49.85470339538313
1169,HD-410,0.0,0.0,0.0,11.20719974341659,16.05243088655863,18.74576271186441,34.79819359842304
1170,HD-411,0.0,34.88497081244546,0.0,4.261045579637051,40.04454218846551,0.0,40.04454218846551
1171,HD-412,0.0,22.096685092024785,0.0,1.2104145616158437,24.970448045757863,2.6779661016949152,27.648414147452783
1172,HE-404,0.0,0.0,25.795848102502312,0.0,25.042438700518325,0.0,25.042438700518325
1173,HE-405,0.0,0.0,28.976762898723244,0.0,29.02971786396322,1.995073891625616,31.024791755588836
1174,HE-406,0.0,0.0,0.877633383968276,21.231650733258164,16.314319835430766,4.673039993320531,20.9873598287513
1175,HE-407,0.0,0.0,0.0,19.2679270145101,28.53765490943756,2.6779661016949152,31.21562101113248
1176,HE-408,0.0,0.0,0.0,22.374688934476005,55.29170638703527,18.74576271186441,74.03746909889968
1177,HE-409,0.0,0.0,0.0,49.07449045107022,107.01620591039084,18.74576271186441,125.76196862225528
1178,HE-410,0.0,0.0,0.0,20.574545048989503,35.67206863679695,0.0,35.67206863679695
1179,HE-411,0.0,0.0,0.0,44.09675446979882,129.31124880838894,0.0,129.31124880838894
1180,HE-412,0.0,55.08196608149787,0.0,5.797935361789196,65.69491930500283,0.0,65.69491930500283
1181,HF-404,0.0,0.0,11.668243892662032,0.0,10.701620591039084,0.0,10.701620591039084
1182,HF-405,0.0,0.0,36.05612430721997,0.0,69.56053384175405,5.3559322033898304,74.91646604514388
1183,HF-406,0.0,0.0,0.0,2.737019241528147,5.350810295519542,10.71186440677966,16.062674702299205
1184,HF-407,0.0,0.0,0.0,27.591253090336963,88.28836987607245,5.3559322033898304,93.64430207946228
1185,HF-408,0.0,0.0,7.539751305480454,77.08655208812968,310.0603732333071,16.06779661016949,326.1281698434766
1186,HF-409,0.0,0.0,25.026913669908623,64.33331014945294,380.9110876818502,8.033898305084746,388.9449859869349
1187,HF-410,0.0,0.0,26.04158270209969,75.00150552164584,351.7095831828659,39.81476997578693,391.5243531586528
1188,HF-411,0.0,0.0,0.0,79.90859010159315,412.58831598421165,15.819095477386934,428.4074114615986
1189,HF-412,0.0,50.18001766671468,0.0,22.24951947555717,204.35470066343552,3.9547738693467336,208.3094745327822
1190,HG-405,0.0,0.0,3.15375139675193,0.0,4.459008579599619,0.0,4.459008579599619
1191,HG-406,0.0,0.0,21.64588205590785,0.0,70.45233555767398,13.389830508474576,83.84216606614855
1192,HG-407,0.0,0.0,36.1968907646364,17.735500631821658,291.27855462759567,21.32082324455206,312.59937787214767
1193,HG-408,0.0,0.0,13.611568590733595,41.91064495118443,295.36198294441914,0.0,295.36198294441914
1194,HG-409,0.0,0.0,27.73770722160691,111.56578599492705,615.5707090983174,37.28571428571429,652.8564233840317
1195,HG-410,0.0,0.0,26.740676708388747,139.780233207101,819.1065997630843,57.980747895320754,877.0873476584051
1196,HG-411,0.0,0.0,16.478959035491197,136.01216194035126,649.3203698458663,27.68341708542713,677.0037869312933
1197,HG-412,0.0,47.61407347395863,0.0,37.1766762892498,556.8248239989783,39.54773869346734,596.3725626924456
1198,HH-407,0.0,0.0,10.876199490631993,16.483535088528388,104.20394941352012,0.0,104.20394941352012
1199,HH-408,0.0,0.0,24.840987026368033,10.175102358149786,145.2587583412774,0.0,145.2587583412774
1200,HH-409,0.0,0.0,17.822416809558668,42.905091336558,376.1920391070049,40.77922077922078,416.97125988622565
1201,HH-410,0.0,0.0,0.0,64.91657843623338,314.3373759647189,31.0,345.3373759647189
1202,HH-411,0.0,0.0,37.23908502065348,91.94799256610568,936.705429593784,146.23343992690724,1082.9388695206912
1203,HH-412,0.0,27.96342291189755,31.97189005029629,87.09057389693707,569.0761447030961,650.5792599360439,1219.6554046391402
1204,HH-413,0.0,3.6348951687024824,0.0,0.0,13.351512344194305,36.59113750571037,49.94264984990468
1205,HI-409,0.0,0.0,12.820312280917799,0.0,22.513466687667346,0.0,22.513466687667346
1206,HI-410,0.0,0.0,23.458135312063092,0.0,149.17283425347688,16.31818181818182,165.4910160716587
1207,HI-411,0.0,0.0,27.14074611772536,86.74023656463137,657.7881998021072,57.40909090909091,715.1972907111982
1208,HI-412,0.0,0.0,6.831901109903487,76.4895243157717,327.0338397268035,130.54545454545456,457.57929427225804
1209,HI-413,0.0,0.0,0.0,4.159082898785826,1.9183673469387756,0.0,1.9183673469387756
1210,HJ-411,0.0,0.0,0.0,20.10061274545961,61.118738404452685,65.27272727272728,126.39146567717997
1211,HJ-412,0.0,0.0,0.0,24.91636939294992,26.857142857142858,0.0,26.857142857142858
